Dato,Bruger,Handling,Mål
2026-03-23 16:21:32,kasper,Skiftede fane,SCOUTING -> Scoutrapport
2026-03-23 16:21:35,kasper,Skiftede fane,ADMIN -> System Log
2026-03-23 19:45:24,kasper,Login,HIF Data Hub
2026-03-23 19:45:25,kasper,Skiftede fane,TRUPPEN -> Oversigt
2026-03-23 19:45:30,kasper,Skiftede fane,ADMIN -> System Log
2026-03-23 19:45:43,kasper,Skiftede fane,ADMIN -> Profil
2026-03-23 19:45:47,kasper,Skiftede fane,BETINIA LIGAEN -> Modstanderanalyse
2026-03-23 19:45:48,kasper,Skiftede fane,HIF ANALYSE -> Spillerperformance
2026-03-23 19:46:00,kasper,Skiftede fane,HIF ANALYSE -> Spillerperformance
2026-03-23 19:47:37,kasper,Skiftede fane,BETINIA LIGAEN -> Modstanderanalyse
2026-03-23 19:47:38,kasper,Skiftede fane,BETINIA LIGAEN -> Fysisk data
2026-03-23 19:48:48,kasper,Skiftede fane,SCOUTING -> Scoutrapport
2026-03-23 19:48:52,kasper,Skiftede fane,SCOUTING -> Sammenligning
2026-03-23 19:49:10,kasper,Skiftede fane,BETINIA LIGAEN -> Modstanderanalyse
2026-03-23 20:03:09,kasper,Skiftede fane,BETINIA LIGAEN -> Holdoversigt
2026-03-23 20:03:14,kasper,Skiftede fane,BETINIA LIGAEN -> Modstanderanalyse
2026-03-23 20:03:32,kasper,Login,HIF Data Hub
2026-03-23 20:03:34,kasper,Skiftede fane,TRUPPEN -> Oversigt
2026-03-23 20:03:40,kasper,Skiftede fane,BETINIA LIGAEN -> Modstanderanalyse
2026-03-23 20:05:26,kasper,Login,HIF Data Hub
2026-03-23 20:05:27,kasper,Skiftede fane,TRUPPEN -> Oversigt
2026-03-23 20:05:30,kasper,Skiftede fane,BETINIA LIGAEN -> Modstanderanalyse
2026-03-23 20:06:46,kasper,Login,HIF Data Hub
2026-03-23 20:06:47,kasper,Skiftede fane,TRUPPEN -> Oversigt
2026-03-23 20:06:48,kasper,Skiftede fane,TRUPPEN -> Oversigt
2026-03-23 20:06:49,kasper,Skiftede fane,TRUPPEN -> Oversigt
2026-03-23 20:06:50,kasper,Skiftede fane,TRUPPEN -> Oversigt
2026-03-23 20:06:51,kasper,Skiftede fane,TRUPPEN -> Oversigt
2026-03-23 20:06:53,kasper,Skiftede fane,TRUPPEN -> Oversigt
2026-03-23 20:06:54,kasper,Skiftede fane,BETINIA LIGAEN -> Modstanderanalyse
2026-03-23 20:06:55,kasper,Skiftede fane,BETINIA LIGAEN -> Modstanderanalyse
2026-03-23 20:08:24,kasper,Skiftede fane,BETINIA LIGAEN -> Holdoversigt
2026-03-23 20:08:25,kasper,Skiftede fane,BETINIA LIGAEN -> Holdoversigt
2026-03-23 20:08:28,kasper,Skiftede fane,ADMIN -> System Log
2026-03-23 20:08:29,kasper,Skiftede fane,ADMIN -> System Log
2026-03-23 20:08:30,kasper,Skiftede fane,ADMIN -> System Log
2026-03-23 20:08:33,kasper,Skiftede fane,ADMIN -> System Log
2026-03-23 20:08:36,kasper,Skiftede fane,ADMIN -> System Log
2026-03-23 20:08:40,kasper,Skiftede fane,ADMIN -> System Log
2026-03-23 20:08:41,kasper,Skiftede fane,ADMIN -> System Log
2026-03-23 20:08:44,kasper,Skiftede fane,ADMIN -> System Log
2026-03-23 20:08:46,kasper,Skiftede fane,ADMIN -> System Log
2026-03-23 20:08:48,kasper,Skiftede fane,ADMIN -> System Log
2026-03-23 20:08:50,kasper,Skiftede fane,ADMIN -> System Log
2026-03-23 20:08:52,kasper,Skiftede fane,ADMIN -> System Log
2026-03-23 20:08:53,kasper,Skiftede fane,ADMIN -> System Log
2026-03-23 20:08:55,kasper,Skiftede fane,ADMIN -> System Log
2026-03-23 20:08:57,kasper,Skiftede fane,ADMIN -> System Log
2026-03-23 20:09:12,kasper,Skiftede fane,ADMIN -> Profil
2026-03-23 20:09:13,kasper,Skiftede fane,ADMIN -> Profil
2026-03-23 20:09:14,kasper,Skiftede fane,ADMIN -> Profil
2026-03-23 20:09:16,kasper,Skiftede fane,ADMIN -> Profil
2026-03-23 20:09:18,kasper,Skiftede fane,ADMIN -> Profil
2026-03-23 20:09:21,kasper,Skiftede fane,ADMIN -> Profil
2026-03-23 20:09:23,kasper,Skiftede fane,ADMIN -> Profil
2026-03-23 20:09:25,kasper,Skiftede fane,ADMIN -> Profil
2026-03-23 20:09:26,kasper,Skiftede fane,ADMIN -> Profil
2026-03-23 20:09:27,kasper,Skiftede fane,ADMIN -> Profil
2026-03-23 20:09:40,kasper,Skiftede fane,ADMIN -> System Log
2026-03-23 20:09:52,kasper,Login,HIF Data Hub
2026-03-23 20:09:53,kasper,Skiftede fane,TRUPPEN -> Oversigt
2026-03-23 20:09:58,kasper,Skiftede fane,ADMIN -> System Log
2026-03-23 20:10:50,kasper,Skiftede fane,SCOUTING -> Scoutrapport
2026-03-23 20:10:53,kasper,Skiftede fane,BETINIA LIGAEN -> Modstanderanalyse
2026-03-23 20:13:34,kasper,Skiftede fane,SCOUTING -> Scoutrapport
2026-03-23 20:13:38,kasper,Skiftede fane,ADMIN -> Profil
2026-03-23 20:13:46,kasper,Login,HIF Data Hub
2026-03-23 20:13:47,kasper,Skiftede fane,TRUPPEN -> Oversigt
2026-03-23 20:13:55,kasper,Skiftede fane,ADMIN -> System Log
2026-03-23 20:14:31,kasper,Skiftede fane,BETINIA LIGAEN -> Modstanderanalyse
2026-03-23 20:15:04,kasper,Skiftede fane,SCOUTING -> Scoutrapport
2026-03-23 20:15:07,kasper,Skiftede fane,BETINIA LIGAEN -> Modstanderanalyse
2026-03-23 20:18:18,kasper,Login,HIF Data Hub
2026-03-23 20:18:19,kasper,Skiftede fane,TRUPPEN -> Oversigt
2026-03-23 20:18:23,kasper,Skiftede fane,BETINIA LIGAEN -> Modstanderanalyse
2026-03-23 20:20:03,kasper,Login,HIF Data Hub
2026-03-23 20:20:03,kasper,Skiftede fane,TRUPPEN -> Oversigt
2026-03-23 20:20:08,kasper,Skiftede fane,BETINIA LIGAEN -> Modstanderanalyse
2026-03-23 20:21:11,kasper,Skiftede fane,BETINIA LIGAEN -> Holdoversigt
2026-03-23 20:21:28,mr,Login,HIF Data Hub
2026-03-23 20:21:28,mr,Skiftede fane,TRUPPEN -> Oversigt
2026-03-23 20:21:31,mr,Skiftede fane,BETINIA LIGAEN -> Modstanderanalyse
2026-03-23 20:24:13,mr,Skiftede fane,SCOUTING -> Scoutrapport
2026-03-23 20:24:16,mr,Skiftede fane,BETINIA LIGAEN -> Modstanderanalyse
2026-03-23 20:24:36,kasper,Login,HIF Data Hub
2026-03-23 20:24:37,kasper,Skiftede fane,TRUPPEN -> Oversigt
2026-03-23 20:24:41,kasper,Skiftede fane,BETINIA LIGAEN -> Modstanderanalyse
2026-03-23 20:30:52,kasper,Login,HIF Data Hub
2026-03-23 20:30:53,kasper,Skiftede fane,TRUPPEN -> Oversigt
2026-03-23 20:30:59,kasper,Skiftede fane,BETINIA LIGAEN -> Modstanderanalyse
2026-03-23 20:31:44,kasper,Login,HIF Data Hub
2026-03-23 20:31:48,kasper,Skiftede fane,BETINIA LIGAEN -> Modstanderanalyse
2026-03-23 20:31:49,kasper,Skiftede fane,BETINIA LIGAEN -> Modstanderanalyse
2026-03-23 20:31:51,kasper,Skiftede fane,BETINIA LIGAEN -> Modstanderanalyse
2026-03-23 20:32:41,kasper,Skiftede fane,ADMIN -> System Log
2026-03-23 20:33:52,kasper,Skiftede fane,BETINIA LIGAEN -> Modstanderanalyse
2026-03-23 20:33:55,kasper,Skiftede fane,BETINIA LIGAEN -> Holdoversigt
2026-03-23 20:38:30,kasper,Skiftede fane,BETINIA LIGAEN -> Modstanderanalyse
2026-03-23 20:38:43,kasper,Login,HIF Data Hub
2026-03-23 20:38:44,kasper,Skiftede fane,TRUPPEN -> Oversigt
2026-03-23 20:38:48,kasper,Skiftede fane,BETINIA LIGAEN -> Modstanderanalyse
2026-03-23 20:48:43,kasper,Skiftede fane,HIF ANALYSE -> Spillerperformance
2026-03-23 20:52:21,kasper,Skiftede fane,BETINIA LIGAEN -> Modstanderanalyse
2026-03-23 20:53:47,kasper,Skiftede fane,SCOUTING -> Scoutrapport
2026-03-23 20:53:48,kasper,Skiftede fane,BETINIA LIGAEN -> Modstanderanalyse
2026-03-23 20:54:32,kasper,Skiftede fane,HIF ANALYSE -> Spillerperformance
2026-03-23 20:54:34,kasper,Skiftede fane,BETINIA LIGAEN -> Modstanderanalyse
2026-03-23 20:54:47,kasper,Login,HIF Data Hub
2026-03-23 20:54:48,kasper,Skiftede fane,TRUPPEN -> Oversigt
2026-03-23 20:54:51,kasper,Skiftede fane,BETINIA LIGAEN -> Modstanderanalyse
2026-03-23 20:57:57,kasper,Skiftede fane,HIF ANALYSE -> Spillerperformance
2026-03-23 20:58:18,kasper,Skiftede fane,SCOUTING -> Scoutrapport
2026-03-23 20:58:18,kasper,Skiftede fane,ADMIN -> System Log
2026-03-23 20:58:23,kasper,Skiftede fane,ADMIN -> Profil
2026-03-23 20:59:31,kasper,Login,HIF Data Hub
2026-03-23 20:59:33,kasper,Skiftede fane,TRUPPEN -> Oversigt
2026-03-23 20:59:34,kasper,Skiftede fane,TRUPPEN -> Oversigt
2026-03-23 20:59:39,kasper,Skiftede fane,BETINIA LIGAEN -> Modstanderanalyse
2026-03-23 20:59:41,kasper,Skiftede fane,BETINIA LIGAEN -> Modstanderanalyse
2026-03-23 20:59:42,kasper,Skiftede fane,BETINIA LIGAEN -> Modstanderanalyse
2026-03-23 21:00:40,kasper,Skiftede fane,ADMIN -> System Log
2026-03-23 21:06:36,kasper,Skiftede fane,BETINIA LIGAEN -> Modstanderanalyse
2026-03-23 21:12:41,kasper,Login,HIF Data Hub
2026-03-23 21:12:42,kasper,Skiftede fane,TRUPPEN -> Oversigt
2026-03-23 21:12:46,kasper,Skiftede fane,BETINIA LIGAEN -> Modstanderanalyse
2026-03-23 21:15:13,kasper,Login,HIF Data Hub
2026-03-23 21:15:14,kasper,Skiftede fane,TRUPPEN -> Oversigt
2026-03-23 21:15:15,kasper,Skiftede fane,TRUPPEN -> Oversigt
2026-03-23 21:15:16,kasper,Skiftede fane,TRUPPEN -> Oversigt
2026-03-23 21:15:18,kasper,Skiftede fane,BETINIA LIGAEN -> Modstanderanalyse
2026-03-23 21:27:37,kasper,Login,HIF Data Hub
2026-03-23 21:27:38,kasper,Skiftede fane,TRUPPEN -> Oversigt
2026-03-23 21:27:42,kasper,Skiftede fane,BETINIA LIGAEN -> Modstanderanalyse
2026-03-23 21:27:42,kasper,Skiftede fane,BETINIA LIGAEN -> Modstanderanalyse
2026-03-23 22:28:40,kasper,Skiftede fane,BETINIA LIGAEN -> Fysisk data
2026-03-23 22:36:06,kasper,Skiftede fane,BETINIA LIGAEN -> Afslutninger - liga
2026-03-23 22:36:08,kasper,Skiftede fane,BETINIA LIGAEN -> Afslutninger - liga
2026-03-23 22:38:19,kasper,Skiftede fane,BETINIA LIGAEN -> Modstanderanalyse
2026-03-23 22:38:26,kasper,Skiftede fane,BETINIA LIGAEN -> Fysisk data
2026-03-23 22:38:37,kasper,Skiftede fane,BETINIA LIGAEN -> Charts
2026-03-23 22:43:32,kasper,Skiftede fane,BETINIA LIGAEN -> Afslutninger - liga
2026-03-23 22:44:26,kasper,Skiftede fane,BETINIA LIGAEN -> Fysisk data
2026-03-23 22:48:55,kasper,Login,HIF Data Hub
2026-03-23 22:48:56,kasper,Skiftede fane,TRUPPEN -> Oversigt
2026-03-23 22:49:01,kasper,Skiftede fane,BETINIA LIGAEN -> Modstanderanalyse
2026-03-23 22:49:23,kasper,Skiftede fane,BETINIA LIGAEN -> Fysisk data
2026-03-23 23:06:24,kasper,Login,HIF Data Hub
2026-03-23 23:06:25,kasper,Skiftede fane,TRUPPEN -> Oversigt
2026-03-23 23:06:30,kasper,Skiftede fane,BETINIA LIGAEN -> Modstanderanalyse
2026-03-23 23:06:33,kasper,Skiftede fane,BETINIA LIGAEN -> Modstanderanalyse
2026-03-23 23:06:35,kasper,Skiftede fane,BETINIA LIGAEN -> Fysisk data
2026-03-23 23:06:38,kasper,Skiftede fane,BETINIA LIGAEN -> Fysisk data
2026-03-23 23:06:42,kasper,Skiftede fane,BETINIA LIGAEN -> Fysisk data
2026-03-24 07:09:37,kasper,Login,HIF Data Hub
2026-03-24 07:09:38,kasper,Skiftede fane,TRUPPEN -> Oversigt
2026-03-24 07:09:42,kasper,Skiftede fane,BETINIA LIGAEN -> Modstanderanalyse
2026-03-24 07:11:43,kasper,Skiftede fane,BETINIA LIGAEN -> Fysisk data
2026-03-24 07:49:08,kasper,Login,HIF Data Hub
2026-03-24 07:49:08,kasper,Skiftede fane,TRUPPEN -> Oversigt
2026-03-24 07:49:21,kasper,Login,HIF Data Hub
2026-03-24 07:49:22,kasper,Skiftede fane,TRUPPEN -> Oversigt
2026-03-24 07:49:29,kasper,Skiftede fane,ADMIN -> System Log
2026-03-24 07:49:31,kasper,Skiftede fane,ADMIN -> System Log
2026-03-24 07:49:33,kasper,Skiftede fane,ADMIN -> System Log
2026-03-24 07:49:35,kasper,Skiftede fane,ADMIN -> System Log
2026-03-24 07:53:49,kasper,Skiftede fane,BETINIA LIGAEN -> Modstanderanalyse
2026-03-24 08:24:29,mr,Login,HIF Data Hub
2026-03-24 08:24:30,mr,Skiftede fane,TRUPPEN -> Oversigt
2026-03-24 08:25:05,mr,Skiftede fane,HIF ANALYSE -> Spillerperformance
2026-03-24 08:25:07,mr,Skiftede fane,BETINIA LIGAEN -> Modstanderanalyse
2026-03-24 08:25:15,mr,Skiftede fane,TRUPPEN -> Oversigt
2026-03-24 08:26:23,mr,Skiftede fane,BETINIA LIGAEN -> Modstanderanalyse
2026-03-24 08:33:41,ceo,Login,HIF Data Hub
2026-03-24 08:33:42,ceo,Skiftede fane,TRUPPEN -> Oversigt
2026-03-24 08:33:47,ceo,Skiftede fane,HIF ANALYSE -> Spillerperformance
2026-03-24 08:33:51,ceo,Skiftede fane,BETINIA LIGAEN -> Modstanderanalyse
2026-03-24 08:33:59,ceo,Skiftede fane,BETINIA LIGAEN -> Holdoversigt
2026-03-24 08:34:03,ceo,Skiftede fane,BETINIA LIGAEN -> Kampe
2026-03-24 08:34:14,kasper,Skiftede fane,ADMIN -> System Log
2026-03-24 08:34:24,ceo,Skiftede fane,HIF ANALYSE -> Spillerperformance
2026-03-24 08:34:47,ceo,Skiftede fane,SCOUTING -> Scoutrapport
2026-03-24 08:34:53,kasper,Skiftede fane,BETINIA LIGAEN -> Modstanderanalyse
2026-03-24 08:34:54,ceo,Skiftede fane,HIF ANALYSE -> Spillerperformance
2026-03-24 08:34:55,kasper,Skiftede fane,BETINIA LIGAEN -> Holdoversigt
2026-03-24 08:35:06,kasper,Login,HIF Data Hub
2026-03-24 08:35:07,kasper,Skiftede fane,TRUPPEN -> Oversigt
2026-03-24 08:35:30,kasper,Skiftede fane,BETINIA LIGAEN -> Modstanderanalyse
2026-03-24 08:36:17,kasper,Skiftede fane,BETINIA LIGAEN -> Holdoversigt
2026-03-24 08:36:25,kasper,Skiftede fane,BETINIA LIGAEN -> Fysisk data
2026-03-24 08:41:09,ceo,Login,HIF Data Hub
2026-03-24 08:41:10,ceo,Skiftede fane,TRUPPEN -> Oversigt
2026-03-24 08:41:12,ceo,Skiftede fane,HIF ANALYSE -> Spillerperformance
2026-03-24 08:41:24,ceo,Skiftede fane,BETINIA LIGAEN -> Modstanderanalyse
2026-03-24 08:41:36,ceo,Skiftede fane,BETINIA LIGAEN -> Fysisk data
2026-03-24 08:43:30,kasper,Login,HIF Data Hub
2026-03-24 08:43:31,kasper,Skiftede fane,TRUPPEN -> Oversigt
2026-03-24 08:43:35,kasper,Skiftede fane,BETINIA LIGAEN -> Modstanderanalyse
2026-03-24 08:43:40,kasper,Skiftede fane,BETINIA LIGAEN -> Fysisk data
2026-03-24 08:45:19,kasper,Skiftede fane,BETINIA LIGAEN -> Modstanderanalyse
2026-03-24 08:49:20,kasper,Login,HIF Data Hub
2026-03-24 08:49:21,kasper,Skiftede fane,TRUPPEN -> Oversigt
2026-03-24 08:49:26,kasper,Skiftede fane,BETINIA LIGAEN -> Modstanderanalyse
2026-03-24 08:50:54,kasper,Skiftede fane,ADMIN -> System Log
2026-03-24 08:51:04,kasper,Skiftede fane,BETINIA LIGAEN -> Modstanderanalyse
2026-03-24 08:51:37,kasper,Login,HIF Data Hub
2026-03-24 08:51:38,kasper,Skiftede fane,TRUPPEN -> Oversigt
2026-03-24 08:51:41,kasper,Skiftede fane,BETINIA LIGAEN -> Modstanderanalyse
2026-03-24 08:54:33,kasper,Login,HIF Data Hub
2026-03-24 08:54:34,kasper,Skiftede fane,TRUPPEN -> Oversigt
2026-03-24 08:54:38,kasper,Skiftede fane,BETINIA LIGAEN -> Modstanderanalyse
2026-03-24 08:56:11,kasper,Login,HIF Data Hub
2026-03-24 08:56:12,kasper,Skiftede fane,TRUPPEN -> Oversigt
2026-03-24 08:56:16,kasper,Skiftede fane,BETINIA LIGAEN -> Modstanderanalyse
2026-03-24 08:58:22,kasper,Login,HIF Data Hub
2026-03-24 08:58:26,kasper,Skiftede fane,TRUPPEN -> Oversigt
2026-03-24 08:58:27,kasper,Skiftede fane,TRUPPEN -> Oversigt
2026-03-24 08:58:28,kasper,Skiftede fane,TRUPPEN -> Oversigt
2026-03-24 08:58:33,kasper,Skiftede fane,BETINIA LIGAEN -> Modstanderanalyse
2026-03-24 08:58:38,kasper,Skiftede fane,BETINIA LIGAEN -> Modstanderanalyse
2026-03-24 09:02:17,kasper,Login,HIF Data Hub
2026-03-24 09:02:18,kasper,Skiftede fane,TRUPPEN -> Oversigt
2026-03-24 09:02:22,kasper,Skiftede fane,BETINIA LIGAEN -> Modstanderanalyse
2026-03-24 09:03:24,kasper,Skiftede fane,BETINIA LIGAEN -> Holdoversigt
2026-03-24 09:03:28,kasper,Skiftede fane,BETINIA LIGAEN -> Afslutninger - liga
2026-03-24 09:03:35,kasper,Skiftede fane,BETINIA LIGAEN -> Holdoversigt
2026-03-24 09:04:19,kasper,Skiftede fane,BETINIA LIGAEN -> Modstanderanalyse
2026-03-24 09:04:29,kasper,Login,HIF Data Hub
2026-03-24 09:04:30,kasper,Skiftede fane,TRUPPEN -> Oversigt
2026-03-24 09:04:34,kasper,Skiftede fane,BETINIA LIGAEN -> Modstanderanalyse
2026-03-24 09:08:49,kasper,Login,HIF Data Hub
2026-03-24 09:08:54,kasper,Skiftede fane,BETINIA LIGAEN -> Modstanderanalyse
2026-03-24 09:40:30,kasper,Skiftede fane,BETINIA LIGAEN -> Holdoversigt
2026-03-24 09:40:33,kasper,Skiftede fane,BETINIA LIGAEN -> Modstanderanalyse
2026-03-24 09:41:03,kasper,Login,HIF Data Hub
2026-03-24 09:41:04,kasper,Skiftede fane,TRUPPEN -> Oversigt
2026-03-24 09:42:07,kasper,Skiftede fane,BETINIA LIGAEN -> Modstanderanalyse
2026-03-24 09:52:51,kasper,Skiftede fane,BETINIA LIGAEN -> Afslutninger - liga
2026-03-24 09:53:03,kasper,Skiftede fane,SCOUTING -> Scoutrapport
2026-03-24 10:24:38,kasper,Login,HIF Data Hub
2026-03-24 10:24:39,kasper,Skiftede fane,TRUPPEN -> Oversigt
2026-03-24 10:24:49,kasper,Skiftede fane,SCOUTING -> Emneliste
2026-03-24 10:24:51,kasper,Skiftede fane,SCOUTING -> Emneliste
2026-03-24 10:24:52,kasper,Skiftede fane,SCOUTING -> Emneliste
2026-03-24 10:24:54,kasper,Skiftede fane,SCOUTING -> Emneliste
2026-03-24 10:27:56,kasper,Skiftede fane,SCOUTING -> Scoutrapport
2026-03-24 10:28:00,kasper,Skiftede fane,SCOUTING -> Scoutrapport
2026-03-24 10:28:04,kasper,Skiftede fane,SCOUTING -> Emneliste
2026-03-24 10:31:51,kasper,Skiftede fane,SCOUTING -> Scoutrapport
2026-03-24 10:31:54,kasper,Skiftede fane,SCOUTING -> Emneliste
2026-03-24 10:33:07,kasper,Login,HIF Data Hub
2026-03-24 10:33:08,kasper,Skiftede fane,TRUPPEN -> Oversigt
2026-03-24 10:33:14,kasper,Skiftede fane,SCOUTING -> Emneliste
2026-03-24 10:34:46,kasper,Skiftede fane,SCOUTING -> Database
2026-03-24 10:34:49,kasper,Skiftede fane,SCOUTING -> Emneliste
2026-03-24 10:34:59,kasper,Login,HIF Data Hub
2026-03-24 10:35:00,kasper,Skiftede fane,TRUPPEN -> Oversigt
2026-03-24 10:35:09,kasper,Skiftede fane,SCOUTING -> Emneliste
2026-03-24 10:36:28,kasper,Login,HIF Data Hub
2026-03-24 10:36:33,kasper,Skiftede fane,BETINIA LIGAEN -> Modstanderanalyse
2026-03-24 10:36:35,kasper,Skiftede fane,SCOUTING -> Emneliste
2026-03-24 10:40:08,kasper,Login,HIF Data Hub
2026-03-24 10:40:09,kasper,Skiftede fane,TRUPPEN -> Oversigt
2026-03-24 10:40:12,kasper,Skiftede fane,SCOUTING -> Emneliste
2026-03-24 10:42:40,kasper,Login,HIF Data Hub
2026-03-24 10:42:41,kasper,Skiftede fane,TRUPPEN -> Oversigt
2026-03-24 10:42:46,kasper,Skiftede fane,SCOUTING -> Emneliste
2026-03-24 10:44:35,kasper,Login,HIF Data Hub
2026-03-24 10:44:36,kasper,Skiftede fane,TRUPPEN -> Oversigt
2026-03-24 10:44:40,kasper,Skiftede fane,SCOUTING -> Emneliste
2026-03-24 10:46:12,kasper,Skiftede fane,BETINIA LIGAEN -> Modstanderanalyse
2026-03-24 10:46:13,kasper,Skiftede fane,SCOUTING -> Emneliste
2026-03-24 10:54:04,kasper,Login,HIF Data Hub
2026-03-24 10:54:05,kasper,Skiftede fane,TRUPPEN -> Oversigt
2026-03-24 10:54:09,kasper,Skiftede fane,SCOUTING -> Emneliste
2026-03-24 11:04:26,ceo,Login,HIF Data Hub
2026-03-24 11:04:27,ceo,Skiftede fane,TRUPPEN -> Oversigt
2026-03-24 11:04:32,ceo,Skiftede fane,BETINIA LIGAEN -> Modstanderanalyse
2026-03-24 11:05:00,ceo,Skiftede fane,BETINIA LIGAEN -> Holdoversigt
2026-03-24 11:16:22,ceo,Skiftede fane,TRUPPEN -> Oversigt
2026-03-24 11:20:54,ceo,Skiftede fane,HIF ANALYSE -> Spillerperformance
2026-03-24 11:21:08,ceo,Skiftede fane,BETINIA LIGAEN -> Modstanderanalyse
2026-03-24 11:21:12,ceo,Skiftede fane,HIF ANALYSE -> Spillerperformance
2026-03-24 11:38:06,kasper,Login,HIF Data Hub
2026-03-24 11:38:07,kasper,Skiftede fane,TRUPPEN -> Oversigt
2026-03-24 11:38:12,kasper,Skiftede fane,SCOUTING -> Emneliste
2026-03-24 11:40:05,kasper,Login,HIF Data Hub
2026-03-24 11:40:09,kasper,Skiftede fane,SCOUTING -> Emneliste
2026-03-24 11:40:54,kasper,Skiftede fane,ADMIN -> System Log
2026-03-24 11:41:59,kasper,Skiftede fane,ADMIN -> Profil
2026-03-24 11:42:01,kasper,Skiftede fane,ADMIN -> System Log
2026-03-24 11:44:44,kasper,Login,HIF Data Hub
2026-03-24 11:44:45,kasper,Skiftede fane,TRUPPEN -> Oversigt
2026-03-24 11:44:59,kasper,Skiftede fane,SCOUTING -> Emneliste
2026-03-24 11:51:16,kasper,Login,HIF Data Hub
2026-03-24 11:51:17,kasper,Skiftede fane,TRUPPEN -> Oversigt
2026-03-24 11:51:21,kasper,Skiftede fane,SCOUTING -> Emneliste
2026-03-24 11:52:47,kasper,Login,HIF Data Hub
2026-03-24 11:52:47,kasper,Skiftede fane,TRUPPEN -> Oversigt
2026-03-24 11:52:49,kasper,Skiftede fane,TRUPPEN -> Oversigt
2026-03-24 11:52:50,kasper,Skiftede fane,TRUPPEN -> Oversigt
2026-03-24 11:52:52,kasper,Skiftede fane,TRUPPEN -> Oversigt
2026-03-24 11:52:53,kasper,Skiftede fane,TRUPPEN -> Oversigt
2026-03-24 11:53:00,kasper,Skiftede fane,SCOUTING -> Emneliste
2026-03-24 11:53:01,kasper,Skiftede fane,SCOUTING -> Emneliste
2026-03-24 11:59:08,kasper,Login,HIF Data Hub
2026-03-24 11:59:09,kasper,Skiftede fane,TRUPPEN -> Oversigt
2026-03-24 11:59:13,kasper,Skiftede fane,SCOUTING -> Emneliste
2026-03-24 12:00:46,kasper,Login,HIF Data Hub
2026-03-24 12:00:47,kasper,Skiftede fane,TRUPPEN -> Oversigt
2026-03-24 12:00:51,kasper,Skiftede fane,BETINIA LIGAEN -> Modstanderanalyse
2026-03-24 12:15:16,kasper,Skiftede fane,SCOUTING -> Scoutrapport
2026-03-24 12:15:18,kasper,Skiftede fane,SCOUTING -> Emneliste
2026-03-24 12:15:21,kasper,Skiftede fane,SCOUTING -> Emneliste
2026-03-24 12:15:22,kasper,Skiftede fane,SCOUTING -> Emneliste
2026-03-24 12:15:24,kasper,Skiftede fane,SCOUTING -> Emneliste
2026-03-24 12:15:26,kasper,Skiftede fane,SCOUTING -> Emneliste
2026-03-24 12:15:29,kasper,Skiftede fane,SCOUTING -> Emneliste
2026-03-24 12:15:33,kasper,Skiftede fane,SCOUTING -> Emneliste
2026-03-24 12:15:34,kasper,Skiftede fane,SCOUTING -> Emneliste
2026-03-24 12:15:46,kasper,Skiftede fane,SCOUTING -> Database
2026-03-24 12:15:55,kasper,Skiftede fane,SCOUTING -> Emneliste
2026-03-24 12:22:08,kasper,Skiftede fane,SCOUTING -> Opret emne
2026-03-24 12:22:09,kasper,Skiftede fane,SCOUTING -> Opret emne
2026-03-24 12:22:13,kasper,Skiftede fane,SCOUTING -> Emnedatabase
2026-03-24 12:22:14,kasper,Skiftede fane,SCOUTING -> Emnedatabase
2026-03-24 12:22:16,kasper,Skiftede fane,SCOUTING -> Emnedatabase
2026-03-24 12:22:18,kasper,Skiftede fane,SCOUTING -> Emnedatabase
2026-03-24 12:22:19,kasper,Skiftede fane,SCOUTING -> Emnedatabase
2026-03-24 12:22:22,kasper,Skiftede fane,SCOUTING -> Emnedatabase
2026-03-24 12:22:23,kasper,Skiftede fane,SCOUTING -> Emnedatabase
2026-03-24 12:22:24,kasper,Skiftede fane,SCOUTING -> Emnedatabase
2026-03-24 12:22:26,kasper,Skiftede fane,SCOUTING -> Emnedatabase
2026-03-24 12:22:28,kasper,Skiftede fane,SCOUTING -> Emnedatabase
2026-03-24 12:33:00,kasper,Skiftede fane,ADMIN -> System Log
2026-03-24 12:33:02,kasper,Skiftede fane,SCOUTING -> Emnedatabase
2026-03-24 12:33:18,kasper,Skiftede fane,SCOUTING -> Opret emne
2026-03-24 12:33:24,kasper,Skiftede fane,SCOUTING -> Emnedatabase
2026-03-24 12:46:45,kasper,Skiftede fane,SCOUTING -> Opret emne
2026-03-24 12:46:47,kasper,Skiftede fane,SCOUTING -> Emnedatabase
2026-03-24 12:46:48,kasper,Skiftede fane,SCOUTING -> Emnedatabase
2026-03-24 12:47:18,kasper,Skiftede fane,BETINIA LIGAEN -> Modstanderanalyse
2026-03-24 12:47:20,kasper,Skiftede fane,SCOUTING -> Emnedatabase
2026-03-24 12:47:29,kasper,Skiftede fane,SCOUTING -> Opret emne
2026-03-24 12:47:33,kasper,Skiftede fane,SCOUTING -> Emnedatabase
2026-03-24 12:48:12,kasper,Login,HIF Data Hub
2026-03-24 12:48:13,kasper,Skiftede fane,TRUPPEN -> Oversigt
2026-03-24 12:48:17,kasper,Skiftede fane,SCOUTING -> Opret emne
2026-03-24 12:48:17,kasper,Skiftede fane,SCOUTING -> Opret emne
2026-03-24 12:48:18,kasper,Skiftede fane,SCOUTING -> Emnedatabase
2026-03-24 12:50:45,kasper,Login,HIF Data Hub
2026-03-24 12:50:46,kasper,Skiftede fane,TRUPPEN -> Oversigt
2026-03-24 12:50:49,kasper,Skiftede fane,SCOUTING -> Opret emne
2026-03-24 12:50:57,kasper,Skiftede fane,SCOUTING -> Emnedatabase
2026-03-24 12:51:22,kasper,Skiftede fane,HIF ANALYSE -> Spillerperformance
2026-03-24 12:51:23,kasper,Skiftede fane,TRUPPEN -> Forecast
2026-03-24 12:51:26,kasper,Skiftede fane,TRUPPEN -> Forecast
2026-03-24 12:51:28,kasper,Skiftede fane,TRUPPEN -> Forecast
2026-03-24 12:52:20,kasper,Skiftede fane,SCOUTING -> Opret emne
2026-03-24 12:52:22,kasper,Skiftede fane,SCOUTING -> Emnedatabase
2026-03-24 12:52:23,kasper,Skiftede fane,SCOUTING -> Emnedatabase
2026-03-24 12:52:26,kasper,Skiftede fane,SCOUTING -> Emnedatabase
2026-03-24 12:52:28,kasper,Skiftede fane,SCOUTING -> Emnedatabase
2026-03-24 12:52:31,kasper,Skiftede fane,SCOUTING -> Emnedatabase
2026-03-24 12:52:32,kasper,Skiftede fane,SCOUTING -> Emnedatabase
2026-03-24 12:52:33,kasper,Skiftede fane,SCOUTING -> Emnedatabase
2026-03-24 12:52:34,kasper,Skiftede fane,SCOUTING -> Emnedatabase
2026-03-24 12:52:36,kasper,Skiftede fane,SCOUTING -> Emnedatabase
2026-03-24 12:52:38,kasper,Skiftede fane,SCOUTING -> Emnedatabase
2026-03-24 12:52:38,kasper,Skiftede fane,SCOUTING -> Emnedatabase
2026-03-24 12:52:40,kasper,Skiftede fane,SCOUTING -> Emnedatabase
2026-03-24 12:52:43,kasper,Skiftede fane,SCOUTING -> Emnedatabase
2026-03-24 12:56:53,kasper,Skiftede fane,TRUPPEN -> Oversigt
2026-03-24 12:56:55,kasper,Skiftede fane,TRUPPEN -> Forecast
2026-03-24 12:56:58,kasper,Skiftede fane,TRUPPEN -> Forecast
2026-03-24 12:56:59,kasper,Skiftede fane,TRUPPEN -> Forecast
2026-03-24 12:57:00,kasper,Skiftede fane,TRUPPEN -> Forecast
2026-03-24 12:57:01,kasper,Skiftede fane,TRUPPEN -> Forecast
2026-03-24 12:57:03,kasper,Skiftede fane,TRUPPEN -> Forecast
2026-03-24 12:57:07,kasper,Skiftede fane,TRUPPEN -> Forecast
2026-03-24 12:59:44,kasper,Skiftede fane,TRUPPEN -> Oversigt
2026-03-24 12:59:46,kasper,Skiftede fane,SCOUTING -> Opret emne
2026-03-24 13:08:02,kasper,Skiftede fane,SCOUTING -> Emnedatabase
2026-03-24 13:08:12,kasper,Skiftede fane,SCOUTING -> Opret emne
2026-03-24 13:08:58,kasper,Skiftede fane,SCOUTING -> Emnedatabase
2026-03-24 13:11:15,cg,Login,HIF Data Hub
2026-03-24 13:11:16,cg,Skiftede fane,TRUPPEN -> Oversigt
2026-03-24 13:11:29,cg,Skiftede fane,SCOUTING -> Opret emne
2026-03-24 13:12:32,cg,Skiftede fane,SCOUTING -> Emnedatabase
2026-03-24 13:12:39,cg,Skiftede fane,SCOUTING -> Opret emne
2026-03-24 13:12:40,cg,Skiftede fane,SCOUTING -> Opret emne
2026-03-24 13:14:40,cg,Skiftede fane,SCOUTING -> Emnedatabase
2026-03-24 13:15:01,kasper,Login,HIF Data Hub
2026-03-24 13:15:02,kasper,Skiftede fane,TRUPPEN -> Oversigt
2026-03-24 13:15:06,kasper,Skiftede fane,SCOUTING -> Opret emne
2026-03-24 13:17:04,cg,Login,HIF Data Hub
2026-03-24 13:17:05,cg,Skiftede fane,TRUPPEN -> Oversigt
2026-03-24 13:17:07,cg,Skiftede fane,SCOUTING -> Opret emne
2026-03-24 13:19:17,cg,Login,HIF Data Hub
2026-03-24 13:19:18,cg,Skiftede fane,TRUPPEN -> Oversigt
2026-03-24 13:19:27,cg,Skiftede fane,SCOUTING -> Opret emne
2026-03-24 13:20:46,cg,Login,HIF Data Hub
2026-03-24 13:21:01,cg,Skiftede fane,SCOUTING -> Scoutrapport
2026-03-24 13:21:09,cg,Skiftede fane,TRUPPEN -> Oversigt
2026-03-24 13:23:07,cg,Skiftede fane,TRUPPEN -> Forecast
2026-03-24 13:23:34,kasper,Login,HIF Data Hub
2026-03-24 13:23:35,kasper,Skiftede fane,TRUPPEN -> Oversigt
2026-03-24 13:23:39,kasper,Skiftede fane,TRUPPEN -> Forecast
2026-03-24 13:26:19,kasper,Login,HIF Data Hub
2026-03-24 13:26:20,kasper,Skiftede fane,TRUPPEN -> Oversigt
2026-03-24 13:26:25,kasper,Skiftede fane,TRUPPEN -> Forecast
2026-03-24 14:24:32,ceo,Skiftede fane,TRUPPEN -> Oversigt
2026-03-24 14:24:37,ceo,Skiftede fane,BETINIA LIGAEN -> Modstanderanalyse
2026-03-24 14:25:00,ceo,Skiftede fane,SCOUTING -> Opret emne
2026-03-24 14:25:03,ceo,Skiftede fane,SCOUTING -> Emnedatabase
2026-03-24 14:25:32,ceo,Skiftede fane,SCOUTING -> Opret emne
2026-03-24 14:25:36,ceo,Skiftede fane,SCOUTING -> Emnedatabase
2026-03-24 14:25:51,ceo,Skiftede fane,SCOUTING -> Opret emne
2026-03-24 14:25:55,ceo,Skiftede fane,SCOUTING -> Scoutrapport
2026-03-24 14:25:59,ceo,Skiftede fane,SCOUTING -> Opret emne
2026-03-24 14:26:02,ceo,Skiftede fane,HIF ANALYSE -> Spillerperformance
2026-03-24 16:01:02,ceo,Login,HIF Data Hub
2026-03-24 16:01:04,ceo,Skiftede fane,TRUPPEN -> Oversigt
2026-03-24 16:01:06,ceo,Skiftede fane,SCOUTING -> Opret emne
2026-03-24 16:01:09,ceo,Skiftede fane,SCOUTING -> Emnedatabase
2026-03-24 19:19:40,ceo,Login,HIF Data Hub
2026-03-24 19:19:41,ceo,Skiftede fane,TRUPPEN -> Oversigt
2026-03-24 19:19:46,ceo,Skiftede fane,SCOUTING -> Opret emne
2026-03-24 19:19:48,ceo,Skiftede fane,SCOUTING -> Emnedatabase
2026-03-24 19:22:23,ceo,Skiftede fane,BETINIA LIGAEN -> Modstanderanalyse
2026-03-24 19:22:29,ceo,Skiftede fane,SCOUTING -> Emnedatabase
2026-03-24 19:22:35,ceo,Skiftede fane,SCOUTING -> Scoutrapport
2026-03-24 19:22:40,ceo,Skiftede fane,SCOUTING -> Emnedatabase
2026-03-24 20:20:09,kasper,Login,HIF Data Hub
2026-03-24 20:21:26,kasper,Skiftede fane,SCOUTING -> Opret emne
2026-03-24 20:21:39,kasper,Skiftede fane,SCOUTING -> Emnedatabase
2026-03-24 20:21:43,kasper,Skiftede fane,SCOUTING -> Opret emne
2026-03-24 20:26:00,kasper,Login,HIF Data Hub
2026-03-24 20:26:01,kasper,Skiftede fane,TRUPPEN -> Oversigt
2026-03-24 20:26:06,kasper,Skiftede fane,SCOUTING -> Opret emne
2026-03-24 20:31:32,kasper,Login,HIF Data Hub
2026-03-24 20:31:33,kasper,Skiftede fane,TRUPPEN -> Oversigt
2026-03-24 20:31:38,kasper,Skiftede fane,SCOUTING -> Opret emne
2026-03-24 20:35:34,kasper,Login,HIF Data Hub
2026-03-24 20:35:39,kasper,Skiftede fane,SCOUTING -> Opret emne
2026-03-24 20:37:04,kasper,Login,HIF Data Hub
2026-03-24 20:37:05,kasper,Skiftede fane,TRUPPEN -> Oversigt
2026-03-24 20:37:11,kasper,Skiftede fane,SCOUTING -> Opret emne
2026-03-24 20:38:26,kasper,Login,HIF Data Hub
2026-03-24 20:38:27,kasper,Skiftede fane,TRUPPEN -> Oversigt
2026-03-24 20:38:32,kasper,Skiftede fane,SCOUTING -> Opret emne
2026-03-24 20:44:29,kasper,Login,HIF Data Hub
2026-03-24 20:44:29,kasper,Skiftede fane,TRUPPEN -> Oversigt
2026-03-24 20:44:34,kasper,Skiftede fane,SCOUTING -> Opret emne
2026-03-24 20:44:35,kasper,Skiftede fane,SCOUTING -> Opret emne
2026-03-24 20:46:09,kasper,Skiftede fane,SCOUTING -> Emnedatabase
2026-03-24 21:05:40,kasper,Skiftede fane,ADMIN -> System Log
2026-03-24 21:10:40,kasper,Skiftede fane,SCOUTING -> Opret emne
2026-03-24 21:10:43,kasper,Skiftede fane,SCOUTING -> Emnedatabase
2026-03-24 21:10:58,kasper,Skiftede fane,HIF ANALYSE -> Spillerperformance
2026-03-24 21:10:59,kasper,Skiftede fane,TRUPPEN -> Oversigt
2026-03-24 21:11:02,kasper,Skiftede fane,TRUPPEN -> Forecast
2026-03-24 21:11:11,kasper,Skiftede fane,SCOUTING -> Opret emne
2026-03-24 21:11:13,kasper,Skiftede fane,SCOUTING -> Emnedatabase
2026-03-24 21:35:52,kasper,Login,HIF Data Hub
2026-03-24 21:35:52,kasper,Skiftede fane,TRUPPEN -> Oversigt
2026-03-24 21:36:04,kasper,Skiftede fane,SCOUTING -> Opret emne
2026-03-24 21:36:05,kasper,Skiftede fane,SCOUTING -> Opret emne
2026-03-24 21:36:23,kasper,Skiftede fane,SCOUTING -> Emnedatabase
2026-03-24 21:36:34,kasper,Skiftede fane,SCOUTING -> Opret emne
2026-03-24 21:36:44,kasper,Skiftede fane,SCOUTING -> Emnedatabase
2026-03-24 21:36:46,kasper,Skiftede fane,SCOUTING -> Emnedatabase
2026-03-25 07:29:48,kasper,Login,HIF Data Hub
2026-03-25 07:29:49,kasper,Skiftede fane,TRUPPEN -> Oversigt
2026-03-25 07:29:55,kasper,Skiftede fane,SCOUTING -> Opret emne
2026-03-25 07:29:56,kasper,Skiftede fane,SCOUTING -> Opret emne
2026-03-25 07:40:47,kasper,Skiftede fane,SCOUTING -> Emnedatabase
2026-03-25 08:23:40,ceo,Skiftede fane,TRUPPEN -> Oversigt
2026-03-25 08:23:44,ceo,Skiftede fane,TRUPPEN -> Oversigt
2026-03-25 08:23:47,ceo,Skiftede fane,TRUPPEN -> Oversigt
2026-03-25 08:24:29,ceo,Skiftede fane,SCOUTING -> Opret emne
2026-03-25 08:36:32,ceo,Login,HIF Data Hub
2026-03-25 08:36:33,ceo,Skiftede fane,TRUPPEN -> Oversigt
2026-03-25 08:37:02,ceo,Skiftede fane,SCOUTING -> Opret emne
2026-03-25 08:37:19,ceo,Skiftede fane,SCOUTING -> Emnedatabase
2026-03-25 08:56:17,kasper,Login,HIF Data Hub
2026-03-25 08:56:18,kasper,Skiftede fane,TRUPPEN -> Oversigt
2026-03-25 08:56:27,kasper,Skiftede fane,SCOUTING -> Opret emne
2026-03-25 08:56:33,kasper,Skiftede fane,SCOUTING -> Emnedatabase
2026-03-25 08:56:43,kasper,Skiftede fane,SCOUTING -> Database
2026-03-25 08:56:47,kasper,Skiftede fane,SCOUTING -> Sammenligning
2026-03-25 08:56:49,kasper,Skiftede fane,SCOUTING -> Scoutrapport
2026-03-25 08:56:52,kasper,Skiftede fane,SCOUTING -> Sammenligning
2026-03-25 08:57:12,kasper,Skiftede fane,BETINIA LIGAEN -> Modstanderanalyse
2026-03-25 09:16:59,ceo,Login,HIF Data Hub
2026-03-25 09:17:01,ceo,Skiftede fane,TRUPPEN -> Oversigt
2026-03-25 09:17:03,ceo,Skiftede fane,BETINIA LIGAEN -> Modstanderanalyse
2026-03-25 09:20:33,ceo,Skiftede fane,BETINIA LIGAEN -> Fysisk data
2026-03-25 09:20:36,ceo,Skiftede fane,BETINIA LIGAEN -> Afslutninger - liga
2026-03-25 09:23:01,kasper,Skiftede fane,ADMIN -> System Log
2026-03-25 09:25:07,kasper,Skiftede fane,BETINIA LIGAEN -> Modstanderanalyse
2026-03-25 09:26:08,kasper,Skiftede fane,HIF ANALYSE -> Spillerperformance
2026-03-25 09:26:21,kasper,Login,HIF Data Hub
2026-03-25 09:26:22,kasper,Skiftede fane,TRUPPEN -> Oversigt
2026-03-25 09:27:56,kasper,Skiftede fane,HIF ANALYSE -> Spillerperformance
2026-03-25 09:31:26,kasper,Skiftede fane,TRUPPEN -> Oversigt
2026-03-25 09:31:30,kasper,Skiftede fane,TRUPPEN -> Forecast
2026-03-25 09:31:39,kasper,Skiftede fane,HIF ANALYSE -> Spillerperformance
2026-03-25 09:38:26,kasper,Skiftede fane,TRUPPEN -> Oversigt
2026-03-25 09:41:29,kasper,Skiftede fane,HIF ANALYSE -> Spillerperformance
2026-03-25 09:41:34,kasper,Skiftede fane,TRUPPEN -> Oversigt
2026-03-25 09:43:17,kasper,Skiftede fane,TRUPPEN -> Oversigt
2026-03-25 09:47:42,kasper,Login,HIF Data Hub
2026-03-25 09:47:45,kasper,Skiftede fane,TRUPPEN -> Oversigt
2026-08-30 19:50:58,kasper,Skiftede fane,ADMIN -> System Log
2026-08-30 19:51:01,kasper,Skiftede fane,ADMIN -> System Log
2026-08-30 19:51:03,kasper,Skiftede fane,ADMIN -> System Log
2026-08-30 19:51:04,kasper,Skiftede fane,ADMIN -> System Log
2026-08-30 19:51:07,kasper,Skiftede fane,ADMIN -> System Log
2026-08-30 19:51:09,kasper,Skiftede fane,ADMIN -> System Log
2026-08-30 19:51:10,kasper,Skiftede fane,ADMIN -> System Log
2026-08-30 19:51:12,kasper,Skiftede fane,ADMIN -> System Log
2026-08-30 19:51:13,kasper,Skiftede fane,ADMIN -> System Log
2026-08-30 19:51:15,kasper,Skiftede fane,ADMIN -> System Log
2026-08-30 19:51:18,kasper,Skiftede fane,ADMIN -> System Log
2026-08-30 19:51:20,kasper,Skiftede fane,ADMIN -> System Log
2026-08-30 19:51:21,kasper,Skiftede fane,ADMIN -> System Log
2026-08-30 19:51:22,kasper,Skiftede fane,ADMIN -> System Log
2026-08-30 19:51:24,kasper,Skiftede fane,ADMIN -> System Log
2026-08-30 19:51:25,kasper,Skiftede fane,ADMIN -> System Log
2026-08-30 19:51:54,kasper,Skiftede fane,ADMIN -> Datakatalog
2026-08-30 19:51:59,kasper,Skiftede fane,ADMIN -> System Log
2026-08-30 19:52:19,mn,Login,HIF Data Hub
2026-08-30 19:52:20,mn,Skiftede fane,HVIDOVRE IF -> Forside
2026-08-30 19:52:24,mn,Skiftede fane,SCOUTING -> Scoutrapport
2026-08-30 19:52:31,mn,Skiftede fane,SCOUTING -> Database
2026-08-30 19:52:44,kasper,Login,HIF Data Hub
2026-08-30 19:52:46,kasper,Skiftede fane,HVIDOVRE IF -> Forside
2026-08-30 19:53:07,kasper,Skiftede fane,ADMIN -> System Log
2026-08-30 19:55:10,kasper,Skiftede fane,ADMIN -> Profil
2026-08-30 19:55:13,kasper,Skiftede fane,ADMIN -> System Log
2026-08-30 19:55:34,kasper,Login,HIF Data Hub
2026-08-30 19:55:35,kasper,Skiftede fane,HVIDOVRE IF -> Forside
2026-08-30 19:55:40,kasper,Skiftede fane,ADMIN -> System Log
2026-08-30 19:56:10,kasper,Skiftede fane,SCOUTING -> Scoutrapport
2026-08-30 19:56:16,kasper,Skiftede fane,ADMIN -> System Log
2026-08-30 21:57:45,kasper,Login,HIF Data Hub
2026-08-30 21:57:46,kasper,Skiftede fane,HVIDOVRE IF -> Forside
2026-08-30 21:57:47,kasper,Skiftede fane,HVIDOVRE IF -> Forside
2026-08-30 21:57:49,kasper,Skiftede fane,ADMIN -> System Log
2026-08-30 21:57:50,kasper,Skiftede fane,ADMIN -> System Log
2026-08-30 21:57:52,kasper,Skiftede fane,ADMIN -> System Log
2026-08-30 21:57:53,kasper,Skiftede fane,ADMIN -> System Log
2026-08-30 21:57:55,kasper,Skiftede fane,ADMIN -> System Log
2026-08-30 21:57:56,kasper,Skiftede fane,ADMIN -> System Log
2026-08-30 21:57:57,kasper,Skiftede fane,ADMIN -> System Log
2026-08-30 21:57:58,kasper,Skiftede fane,ADMIN -> System Log
2026-08-30 21:57:59,kasper,Skiftede fane,ADMIN -> System Log
2026-08-30 21:58:01,kasper,Skiftede fane,ADMIN -> Profil
2026-08-30 21:58:04,kasper,Skiftede fane,ADMIN -> Profil
2026-08-30 21:58:05,kasper,Skiftede fane,ADMIN -> Profil
2026-08-30 21:58:06,kasper,Skiftede fane,ADMIN -> Profil
2026-08-30 21:58:07,kasper,Skiftede fane,ADMIN -> Profil
2026-08-30 21:58:09,kasper,Skiftede fane,ADMIN -> Profil
2026-08-30 21:58:10,kasper,Skiftede fane,ADMIN -> Profil
2026-08-30 21:58:11,kasper,Skiftede fane,ADMIN -> Profil
2026-08-30 21:58:13,kasper,Skiftede fane,ADMIN -> Profil
2026-08-30 21:58:28,kasper,Login,HIF Data Hub
2026-08-30 21:58:29,kasper,Skiftede fane,HVIDOVRE IF -> Forside
2026-08-30 21:58:30,kasper,Skiftede fane,HVIDOVRE IF -> Forside
2026-08-30 21:58:34,kasper,Skiftede fane,ADMIN -> System Log
2026-08-30 21:59:00,kasper,Skiftede fane,HOLDANALYSE -> Modstanderanalyse
2026-08-30 21:59:22,kasper,Skiftede fane,HOLDANALYSE -> Kampudvikling
2026-08-30 22:23:34,kasper,Skiftede fane,ADMIN -> System Log
2026-08-30 22:23:50,kasper,Skiftede fane,SCOUTING -> Scoutrapport
2026-08-30 22:24:03,kasper,Login,HIF Data Hub
2026-08-30 22:24:04,kasper,Skiftede fane,HVIDOVRE IF -> Forside
2026-08-30 22:24:09,kasper,Skiftede fane,SCOUTING -> Scoutrapport
2026-08-30 22:24:12,kasper,Skiftede fane,TILPASNING -> Spillerdata
2026-08-30 22:24:15,kasper,Skiftede fane,TESTSIDE -> Performance
2026-08-30 22:24:18,kasper,Skiftede fane,TESTSIDE -> Sammenligning
2026-08-30 22:33:59,ceo,Login,HIF Data Hub
2026-08-30 22:34:00,ceo,Skiftede fane,HVIDOVRE IF -> Forside
2026-08-30 22:34:37,ceo,Skiftede fane,HOLDANALYSE -> Modstanderanalyse
2026-08-31 09:17:13,ceo,Login,HIF Data Hub
2026-08-31 09:17:15,ceo,Skiftede fane,HVIDOVRE IF -> Forside
2026-08-31 09:17:20,ceo,Skiftede fane,SPILLERANALYSE -> Spilleraktioner
2026-08-31 09:17:28,ceo,Skiftede fane,HOLDANALYSE -> Modstanderanalyse
2026-08-31 09:17:40,ceo,Skiftede fane,SCOUTING -> Scoutrapport
2026-08-31 09:36:25,kasper,Login,HIF Data Hub
2026-08-31 09:36:26,kasper,Skiftede fane,HVIDOVRE IF -> Forside
2026-08-31 09:36:30,kasper,Skiftede fane,TESTSIDE -> Performance
2026-08-31 09:36:32,kasper,Skiftede fane,TILPASNING -> Spillerdata
2026-08-31 09:36:33,kasper,Skiftede fane,TESTSIDE -> Performance
2026-08-31 09:36:35,kasper,Skiftede fane,TESTSIDE -> Sammenligning
2026-08-31 09:36:42,kasper,Skiftede fane,TESTSIDE -> 1. Div-tilpasning
2026-08-31 09:36:44,kasper,Skiftede fane,TESTSIDE -> Performance
2026-08-31 09:36:45,kasper,Skiftede fane,TESTSIDE -> Performance
2026-08-31 09:37:28,kasper,Skiftede fane,TESTSIDE -> Sammenligning
2026-08-31 09:38:48,kasper,Skiftede fane,TESTSIDE -> Charts
2026-08-31 09:38:52,kasper,Skiftede fane,TESTSIDE -> Oversigt
2026-08-31 09:38:55,kasper,Skiftede fane,TESTSIDE -> Forecast
2026-08-31 09:39:00,kasper,Skiftede fane,TESTSIDE -> 1. Div-tilpasning
2026-08-31 09:39:06,kasper,Skiftede fane,TESTSIDE -> Charts
2026-08-31 09:39:07,kasper,Skiftede fane,TESTSIDE -> Sammenligning
2026-08-31 09:43:07,kasper,Login,HIF Data Hub
2026-08-31 09:43:09,kasper,Skiftede fane,HVIDOVRE IF -> Forside
2026-08-31 09:43:17,kasper,Skiftede fane,TESTSIDE -> Performance
2026-08-31 09:43:19,kasper,Skiftede fane,TESTSIDE -> Sammenligning
2026-08-31 09:46:27,kasper,Login,HIF Data Hub
2026-08-31 09:46:28,kasper,Skiftede fane,HVIDOVRE IF -> Forside
2026-08-31 09:46:31,kasper,Skiftede fane,TESTSIDE -> Performance
2026-08-31 09:46:33,kasper,Skiftede fane,TESTSIDE -> Performance
2026-08-31 09:46:34,kasper,Skiftede fane,TESTSIDE -> Performance
2026-08-31 09:46:35,kasper,Skiftede fane,TESTSIDE -> Sammenligning
2026-08-31 09:46:36,kasper,Skiftede fane,TESTSIDE -> Sammenligning
2026-08-31 09:46:38,kasper,Skiftede fane,TESTSIDE -> Sammenligning
2026-08-31 09:46:40,kasper,Skiftede fane,TESTSIDE -> Sammenligning
2026-08-31 09:46:41,kasper,Skiftede fane,TESTSIDE -> Sammenligning
2026-08-31 09:46:42,kasper,Skiftede fane,TESTSIDE -> Sammenligning
2026-08-31 09:46:44,kasper,Skiftede fane,TESTSIDE -> Sammenligning
2026-08-31 09:46:45,kasper,Skiftede fane,TESTSIDE -> Sammenligning
2026-08-31 09:46:46,kasper,Skiftede fane,TESTSIDE -> Sammenligning
2026-08-31 09:46:47,kasper,Skiftede fane,TESTSIDE -> Sammenligning
2026-08-31 07:48:16,kasper,Skiftede fane,TESTSIDE -> 1. Div-tilpasning
2026-08-31 07:48:18,kasper,Skiftede fane,TESTSIDE -> 1. Div-tilpasning
2026-08-31 07:48:19,kasper,Skiftede fane,TESTSIDE -> 1. Div-tilpasning
2026-08-31 07:48:22,kasper,Skiftede fane,ADMIN -> System Log
2026-08-31 07:48:23,kasper,Skiftede fane,ADMIN -> System Log
2026-08-31 07:48:25,kasper,Skiftede fane,ADMIN -> System Log
2026-08-31 07:48:27,kasper,Skiftede fane,ADMIN -> System Log
2026-08-31 07:48:28,kasper,Skiftede fane,ADMIN -> System Log
2026-08-31 07:48:30,kasper,Skiftede fane,ADMIN -> System Log
2026-08-31 07:48:32,kasper,Skiftede fane,ADMIN -> System Log
2026-08-31 07:48:33,kasper,Skiftede fane,ADMIN -> System Log
2026-08-31 07:48:35,kasper,Skiftede fane,ADMIN -> System Log
2026-08-31 07:48:37,kasper,Skiftede fane,ADMIN -> System Log
2026-08-31 07:49:27,kasper,Skiftede fane,TESTSIDE -> Performance
2026-08-31 07:49:29,kasper,Skiftede fane,TESTSIDE -> Sammenligning
2026-08-31 07:49:31,kasper,Skiftede fane,TESTSIDE -> Sammenligning
2026-08-31 07:49:34,kasper,Skiftede fane,TESTSIDE -> Sammenligning
2026-08-31 07:49:37,kasper,Skiftede fane,TESTSIDE -> Sammenligning
2026-08-31 07:49:38,kasper,Skiftede fane,TESTSIDE -> Sammenligning
2026-08-31 07:49:39,kasper,Skiftede fane,TESTSIDE -> Sammenligning
2026-08-31 07:49:40,kasper,Skiftede fane,TESTSIDE -> Sammenligning
2026-08-31 07:49:42,kasper,Skiftede fane,TESTSIDE -> Sammenligning
2026-08-31 07:49:45,kasper,Skiftede fane,TESTSIDE -> Sammenligning
2026-08-31 07:49:46,kasper,Skiftede fane,TESTSIDE -> Sammenligning
2026-08-31 07:49:48,kasper,Skiftede fane,TESTSIDE -> Sammenligning
2026-08-31 07:49:50,kasper,Skiftede fane,TESTSIDE -> Sammenligning
2026-08-31 07:49:51,kasper,Skiftede fane,TESTSIDE -> Sammenligning
2026-08-31 07:49:52,kasper,Skiftede fane,TESTSIDE -> Sammenligning
2026-08-31 07:49:54,kasper,Skiftede fane,TESTSIDE -> Sammenligning
2026-08-31 07:49:55,kasper,Skiftede fane,TESTSIDE -> Sammenligning
2026-08-31 07:49:57,kasper,Skiftede fane,TESTSIDE -> Sammenligning
2026-08-31 07:51:29,kasper,Skiftede fane,TILPASNING -> Spillerdata
2026-08-31 07:51:30,kasper,Skiftede fane,SCOUTING -> Scoutrapport
2026-08-31 07:51:32,kasper,Skiftede fane,TILPASNING -> Spillerdata
2026-08-31 07:51:34,kasper,Skiftede fane,SCOUTING -> Sammenligning
2026-08-31 07:51:40,kasper,Skiftede fane,SCOUTING -> Sammenligning
2026-08-31 07:51:41,kasper,Skiftede fane,SCOUTING -> Sammenligning
2026-08-31 07:51:44,kasper,Skiftede fane,SCOUTING -> Sammenligning
2026-08-31 07:51:45,kasper,Skiftede fane,SCOUTING -> Sammenligning
2026-08-31 07:51:47,kasper,Skiftede fane,SCOUTING -> Sammenligning
2026-08-31 07:51:48,kasper,Skiftede fane,SCOUTING -> Sammenligning
2026-08-31 07:51:50,kasper,Skiftede fane,SCOUTING -> Sammenligning
2026-08-31 08:07:54,kasper,Login,HIF Data Hub
2026-08-31 08:07:56,kasper,Skiftede fane,HVIDOVRE IF -> Forside
2026-08-31 08:07:59,kasper,Skiftede fane,SCOUTING -> Scoutrapport
2026-08-31 08:08:04,kasper,Skiftede fane,SCOUTING -> Scoutrapport
2026-08-31 08:08:06,kasper,Skiftede fane,SCOUTING -> Scoutrapport
2026-08-31 08:08:07,kasper,Skiftede fane,SCOUTING -> Scoutrapport
2026-08-31 08:08:09,kasper,Skiftede fane,SCOUTING -> Scoutrapport
2026-08-31 08:08:11,kasper,Skiftede fane,SCOUTING -> Scoutrapport
2026-08-31 08:08:13,kasper,Skiftede fane,SCOUTING -> Scoutrapport
2026-08-31 08:08:15,kasper,Skiftede fane,SCOUTING -> Scoutrapport
2026-08-31 08:08:17,kasper,Skiftede fane,SCOUTING -> Scoutrapport
2026-08-31 08:08:18,kasper,Skiftede fane,SCOUTING -> Scoutrapport
2026-08-31 08:08:20,kasper,Skiftede fane,SCOUTING -> Scoutrapport
2026-08-31 08:08:21,kasper,Skiftede fane,SCOUTING -> Scoutrapport
2026-08-31 08:08:24,kasper,Skiftede fane,SCOUTING -> Scoutrapport
2026-08-31 08:08:25,kasper,Skiftede fane,SCOUTING -> Scoutrapport
2026-08-31 08:08:26,kasper,Skiftede fane,SCOUTING -> Scoutrapport
2026-08-31 08:08:27,kasper,Skiftede fane,SCOUTING -> Scoutrapport
2026-08-31 08:08:30,kasper,Skiftede fane,SCOUTING -> Scoutrapport
2026-08-31 08:08:31,kasper,Skiftede fane,SCOUTING -> Scoutrapport
2026-08-31 08:08:33,kasper,Skiftede fane,SCOUTING -> Scoutrapport
2026-08-31 08:08:57,kasper,Skiftede fane,SCOUTING -> Transfers
2026-08-31 08:08:58,kasper,Skiftede fane,SCOUTING -> Sammenligning
2026-08-31 08:15:28,kasper,Login,HIF Data Hub
2026-08-31 08:15:30,kasper,Skiftede fane,HVIDOVRE IF -> Forside
2026-08-31 08:15:31,kasper,Skiftede fane,HVIDOVRE IF -> Forside
2026-08-31 08:15:33,kasper,Skiftede fane,HVIDOVRE IF -> Forside
2026-08-31 08:15:34,kasper,Skiftede fane,HVIDOVRE IF -> Forside
2026-08-31 08:15:37,kasper,Skiftede fane,HVIDOVRE IF -> Forside
2026-08-31 08:15:38,kasper,Skiftede fane,SCOUTING -> Scoutrapport
2026-08-31 08:15:39,kasper,Skiftede fane,SCOUTING -> Scoutrapport
2026-08-31 08:15:40,kasper,Skiftede fane,SCOUTING -> Scoutrapport
2026-08-31 08:15:42,kasper,Skiftede fane,SCOUTING -> Sammenligning
2026-08-31 08:15:43,kasper,Skiftede fane,SCOUTING -> Scoutrapport
2026-08-31 08:15:45,kasper,Skiftede fane,SCOUTING -> Sammenligning
2026-08-31 08:15:49,kasper,Skiftede fane,SCOUTING -> Sammenligning
2026-08-31 08:15:51,kasper,Skiftede fane,SCOUTING -> Sammenligning
2026-08-31 08:15:52,kasper,Skiftede fane,SCOUTING -> Sammenligning
2026-08-31 08:15:53,kasper,Skiftede fane,SCOUTING -> Sammenligning
2026-08-31 08:24:14,ceo,Login,HIF Data Hub
2026-08-31 08:24:16,ceo,Skiftede fane,HVIDOVRE IF -> Forside
2026-08-31 08:24:17,ceo,Skiftede fane,HVIDOVRE IF -> Forside
2026-08-31 08:24:21,ceo,Skiftede fane,HVIDOVRE IF -> Forside
2026-08-31 08:24:22,ceo,Skiftede fane,HVIDOVRE IF -> Forside
2026-08-31 08:24:36,ceo,Skiftede fane,HVIDOVRE IF -> Forside
2026-08-31 08:24:38,ceo,Skiftede fane,HVIDOVRE IF -> Forside
2026-08-31 08:24:43,ceo,Skiftede fane,HVIDOVRE IF -> Forside
2026-08-31 08:24:45,ceo,Skiftede fane,HVIDOVRE IF -> Forside
2026-08-31 08:24:47,ceo,Skiftede fane,HVIDOVRE IF -> Forside
2026-08-31 08:25:06,ceo,Skiftede fane,HVIDOVRE IF -> Forside
2026-08-31 08:25:07,ceo,Skiftede fane,HVIDOVRE IF -> Forside
2026-08-31 08:30:03,ceo,Login,HIF Data Hub
2026-08-31 08:30:05,ceo,Skiftede fane,HVIDOVRE IF -> Forside
2026-08-31 08:30:09,ceo,Skiftede fane,HVIDOVRE IF -> Forside
2026-08-31 08:30:16,ceo,Skiftede fane,HVIDOVRE IF -> Forside
2026-08-31 08:30:17,ceo,Skiftede fane,HVIDOVRE IF -> Forside
2026-08-31 08:30:21,ceo,Skiftede fane,HVIDOVRE IF -> Forside
2026-08-31 08:30:22,ceo,Skiftede fane,HOLDANALYSE -> Modstanderanalyse
2026-08-31 08:30:24,ceo,Skiftede fane,HOLDANALYSE -> Modstanderanalyse
2026-08-31 08:30:31,ceo,Skiftede fane,HOLDANALYSE -> Modstanderanalyse
2026-08-31 08:30:35,ceo,Skiftede fane,HOLDANALYSE -> Modstanderanalyse
2026-08-31 08:30:36,ceo,Skiftede fane,HOLDANALYSE -> Modstanderanalyse
2026-08-31 08:30:39,ceo,Skiftede fane,HOLDANALYSE -> Modstanderanalyse
2026-08-31 08:30:40,ceo,Skiftede fane,HOLDANALYSE -> Modstanderanalyse
2026-08-31 08:30:42,ceo,Skiftede fane,HOLDANALYSE -> Modstanderanalyse
2026-08-31 08:33:24,ceo,Skiftede fane,SCOUTING -> Scoutrapport
2026-08-31 08:33:26,kasper,Skiftede fane,ADMIN -> System Log
2026-08-31 08:34:11,kasper,Login,HIF Data Hub
2026-08-31 08:34:12,kasper,Skiftede fane,HVIDOVRE IF -> Forside
2026-08-31 08:34:26,kasper,Skiftede fane,ADMIN -> System Log
2026-08-31 08:34:27,kasper,Skiftede fane,ADMIN -> System Log
2026-08-31 08:34:29,kasper,Skiftede fane,ADMIN -> System Log
2026-08-31 08:34:31,kasper,Skiftede fane,ADMIN -> System Log
2026-08-31 08:37:59,ceo,Login,HIF Data Hub
2026-08-31 08:38:01,ceo,Skiftede fane,HVIDOVRE IF -> Forside
2026-08-31 08:38:55,ceo,Skiftede fane,SCOUTING -> Scoutrapport
2026-08-31 08:38:56,ceo,Skiftede fane,SCOUTING -> Scoutrapport
2026-08-31 08:38:58,ceo,Skiftede fane,SCOUTING -> Sammenligning
2026-08-31 08:39:01,ceo,Skiftede fane,SCOUTING -> Scoutrapport
2026-08-31 08:39:10,ceo,Skiftede fane,SCOUTING -> Sammenligning
2026-08-31 08:39:12,ceo,Skiftede fane,SCOUTING -> Sammenligning
2026-08-31 08:39:19,ceo,Skiftede fane,SCOUTING -> Sammenligning
2026-08-31 08:39:20,ceo,Skiftede fane,SCOUTING -> Sammenligning
2026-08-31 08:39:22,ceo,Skiftede fane,SCOUTING -> Sammenligning
2026-08-31 08:39:24,ceo,Skiftede fane,SCOUTING -> Sammenligning
2026-08-31 08:39:26,ceo,Skiftede fane,SCOUTING -> Sammenligning
2026-08-31 08:39:33,ceo,Skiftede fane,SCOUTING -> Sammenligning
2026-08-31 08:39:38,ceo,Skiftede fane,SCOUTING -> Sammenligning
2026-08-31 08:39:40,ceo,Skiftede fane,SCOUTING -> Sammenligning
2026-08-31 08:39:41,ceo,Skiftede fane,SCOUTING -> Sammenligning
2026-08-31 08:39:43,ceo,Skiftede fane,SCOUTING -> Sammenligning
2026-08-31 08:39:45,ceo,Skiftede fane,SCOUTING -> Sammenligning
2026-08-31 08:43:18,ceo,Skiftede fane,SCOUTING -> Scoutrapport
2026-08-31 08:44:42,kasper,Login,HIF Data Hub
2026-08-31 08:44:43,kasper,Skiftede fane,HVIDOVRE IF -> Forside
2026-08-31 08:44:49,kasper,Skiftede fane,SCOUTING -> Scoutrapport
2026-08-31 08:44:55,kasper,Skiftede fane,SCOUTING -> Sammenligning
2026-08-31 08:48:38,ceo,Skiftede fane,SCOUTING -> Database
2026-08-31 08:49:35,ceo,Login,HIF Data Hub
2026-08-31 08:49:37,ceo,Skiftede fane,HVIDOVRE IF -> Forside
2026-08-31 08:49:39,ceo,Skiftede fane,HVIDOVRE IF -> Forside
2026-08-31 08:49:41,ceo,Skiftede fane,SCOUTING -> Scoutrapport
2026-08-31 09:05:33,ceo,Skiftede fane,HOLDANALYSE -> Modstanderanalyse
2026-08-31 09:05:53,ceo,Skiftede fane,HOLDANALYSE -> Grafer
2026-08-31 09:06:04,ceo,Login,HIF Data Hub
2026-08-31 09:06:05,ceo,Skiftede fane,HVIDOVRE IF -> Forside
2026-08-31 09:06:09,ceo,Skiftede fane,SPILLERANALYSE -> Spilleraktioner
2026-08-31 09:06:11,ceo,Skiftede fane,HOLDANALYSE -> Modstanderanalyse
2026-08-31 09:06:12,ceo,Skiftede fane,HOLDANALYSE -> Grafer
2026-08-31 09:06:16,ceo,Skiftede fane,HOLDANALYSE -> Afslutninger
2026-08-31 09:06:17,ceo,Skiftede fane,HOLDANALYSE -> Kampudvikling
2026-08-31 09:06:19,ceo,Skiftede fane,HOLDANALYSE -> Kampudvikling
2026-08-31 09:06:21,ceo,Skiftede fane,HOLDANALYSE -> Kampudvikling
2026-08-31 09:06:22,ceo,Skiftede fane,HOLDANALYSE -> Kampudvikling
2026-08-31 09:06:24,ceo,Skiftede fane,HOLDANALYSE -> Kampoversigt
2026-08-31 09:06:46,ceo,Skiftede fane,HOLDANALYSE -> Ligaoversigt
2026-08-31 09:07:47,ceo,Login,HIF Data Hub
2026-08-31 09:07:48,ceo,Skiftede fane,HVIDOVRE IF -> Forside
2026-08-31 09:07:52,ceo,Skiftede fane,SCOUTING -> Scoutrapport
2026-08-31 09:07:54,ceo,Skiftede fane,SCOUTING -> Database
2026-08-31 09:07:57,ceo,Skiftede fane,SCOUTING -> Emnedatabase
2026-08-31 09:08:34,ceo,Login,HIF Data Hub
2026-08-31 09:08:35,ceo,Skiftede fane,HVIDOVRE IF -> Forside
2026-08-31 09:08:39,ceo,Skiftede fane,SCOUTING -> Scoutrapport
2026-08-31 09:08:42,ceo,Skiftede fane,SCOUTING -> Database
2026-08-31 09:08:47,ceo,Skiftede fane,SCOUTING -> Emnedatabase
2026-08-31 09:09:17,ceo,Login,HIF Data Hub
2026-08-31 09:09:18,ceo,Skiftede fane,HVIDOVRE IF -> Forside
2026-08-31 09:09:24,ceo,Skiftede fane,SCOUTING -> Scoutrapport
2026-08-31 09:12:15,ceo,Skiftede fane,SCOUTING -> Database
2026-08-31 09:12:25,ceo,Skiftede fane,SCOUTING -> Emnedatabase
2026-08-31 09:17:00,ceo,Login,HIF Data Hub
2026-08-31 09:17:01,ceo,Skiftede fane,HVIDOVRE IF -> Forside
2026-08-31 09:17:08,ceo,Skiftede fane,HOLDANALYSE -> Modstanderanalyse
2026-08-31 09:17:10,ceo,Skiftede fane,SPILLERANALYSE -> Spilleraktioner
2026-08-31 09:19:40,ceo,Skiftede fane,FYSISK DATA -> Fysisk data
2026-08-31 09:19:42,ceo,Skiftede fane,SPILLERANALYSE -> Spilleraktioner
2026-08-31 09:19:44,ceo,Skiftede fane,SCOUTING -> Scoutrapport
2026-08-31 09:19:46,ceo,Skiftede fane,SPILLERANALYSE -> Spilleraktioner
2026-08-31 09:19:47,ceo,Skiftede fane,HOLDANALYSE -> Modstanderanalyse
2026-08-31 09:19:49,ceo,Skiftede fane,HOLDANALYSE -> Grafer
2026-08-31 09:19:55,ceo,Skiftede fane,HOLDANALYSE -> Målsekvenser
2026-08-31 09:19:57,ceo,Skiftede fane,SCOUTING -> Scoutrapport
2026-08-31 09:26:37,ceo,Skiftede fane,SCOUTING -> Database
2026-08-31 09:28:01,ceo,Skiftede fane,SCOUTING -> Scoutrapport
2026-08-31 09:33:49,ceo,Skiftede fane,HOLDANALYSE -> Modstanderanalyse
2026-08-31 09:34:09,ceo,Skiftede fane,HOLDANALYSE -> Målsekvenser
2026-08-31 09:34:14,ceo,Skiftede fane,HOLDANALYSE -> Ligaoversigt
2026-08-31 09:34:18,ceo,Skiftede fane,HOLDANALYSE -> Kampoversigt
2026-08-31 09:34:25,ceo,Skiftede fane,HOLDANALYSE -> Kampudvikling
2026-08-31 09:34:35,ceo,Skiftede fane,HOLDANALYSE -> Afslutninger
2026-08-31 09:36:12,ceo,Skiftede fane,SPILLERANALYSE -> Spilleraktioner
2026-08-31 09:36:43,ceo,Skiftede fane,SPILLERANALYSE -> Spiller-stats
2026-08-31 09:36:53,ceo,Skiftede fane,SPILLERANALYSE -> Spiller-profil
2026-08-31 09:37:01,ceo,Skiftede fane,HOLDANALYSE -> Modstanderanalyse
2026-08-31 09:38:26,ceo,Login,HIF Data Hub
2026-08-31 09:38:28,ceo,Skiftede fane,HVIDOVRE IF -> Forside
2026-08-31 09:38:30,ceo,Skiftede fane,HVIDOVRE IF -> Forside
2026-08-31 09:45:10,ceo,Skiftede fane,HOLDANALYSE -> Modstanderanalyse
2026-08-31 09:57:22,ceo,Login,HIF Data Hub
2026-08-31 09:57:23,ceo,Skiftede fane,HVIDOVRE IF -> Forside
2026-08-31 09:57:28,ceo,Skiftede fane,TILPASNING -> Spillerdata
2026-08-31 09:57:31,ceo,Skiftede fane,TILPASNING -> Standardsituationer
2026-08-31 11:04:17,ceo,Login,HIF Data Hub
2026-08-31 11:04:19,ceo,Skiftede fane,HVIDOVRE IF -> Forside
2026-08-31 11:36:28,ceo,Skiftede fane,HOLDANALYSE -> Modstanderanalyse
2026-08-31 11:42:45,ceo,Login,HIF Data Hub
2026-08-31 11:42:47,ceo,Skiftede fane,HVIDOVRE IF -> Forside
2026-08-31 11:42:54,ceo,Skiftede fane,SPILLERANALYSE -> Spilleraktioner
2026-08-31 11:43:09,ceo,Skiftede fane,SPILLERANALYSE -> Spiller-stats
2026-08-31 11:46:05,ceo,Skiftede fane,SPILLERANALYSE -> Spiller-profil
2026-08-31 11:46:08,ceo,Skiftede fane,SPILLERANALYSE -> Spilleroversigt
2026-08-31 11:46:14,ceo,Skiftede fane,SPILLERANALYSE -> Spilleraktioner
2026-08-31 11:46:17,ceo,Skiftede fane,HOLDANALYSE -> Modstanderanalyse
2026-08-31 12:06:51,kasper,Login,HIF Data Hub
2026-08-31 12:06:52,kasper,Skiftede fane,HVIDOVRE IF -> Forside
2026-08-31 12:06:58,kasper,Skiftede fane,SCOUTING -> Scoutrapport
2026-08-31 12:07:01,kasper,Skiftede fane,SCOUTING -> Sammenligning
2026-08-31 12:17:59,kasper,Login,HIF Data Hub
2026-08-31 12:18:00,kasper,Skiftede fane,HVIDOVRE IF -> Forside
2026-08-31 12:18:02,kasper,Skiftede fane,HVIDOVRE IF -> Forside
2026-08-31 12:18:05,kasper,Skiftede fane,SCOUTING -> Scoutrapport
2026-08-31 12:18:07,kasper,Skiftede fane,SCOUTING -> Sammenligning
2026-08-31 12:19:37,kasper,Skiftede fane,SCOUTING -> Transfers
2026-08-31 12:19:42,kasper,Skiftede fane,SCOUTING -> Sammenligning
2026-08-31 12:19:59,kasper,Login,HIF Data Hub
2026-08-31 12:20:00,kasper,Skiftede fane,HVIDOVRE IF -> Forside
2026-08-31 12:20:02,kasper,Skiftede fane,HVIDOVRE IF -> Forside
2026-08-31 12:20:08,kasper,Skiftede fane,SCOUTING -> Scoutrapport
2026-08-31 12:20:10,kasper,Skiftede fane,SCOUTING -> Sammenligning
2026-08-31 12:27:20,kasper,Login,HIF Data Hub
2026-08-31 12:27:21,kasper,Skiftede fane,HVIDOVRE IF -> Forside
2026-08-31 12:27:29,kasper,Skiftede fane,SCOUTING -> Scoutrapport
2026-08-31 12:27:31,kasper,Skiftede fane,SCOUTING -> Sammenligning
2026-08-31 12:28:01,kasper,Skiftede fane,HOLDANALYSE -> Modstanderanalyse
2026-08-31 12:34:46,kasper,Skiftede fane,TILPASNING -> Spillerdata
2026-08-31 12:34:48,kasper,Skiftede fane,SCOUTING -> Scoutrapport
2026-08-31 12:34:50,kasper,Skiftede fane,SCOUTING -> Sammenligning
2026-08-31 12:36:50,kasper,Login,HIF Data Hub
2026-08-31 12:36:51,kasper,Skiftede fane,HVIDOVRE IF -> Forside
2026-08-31 12:36:53,kasper,Skiftede fane,HVIDOVRE IF -> Forside
2026-08-31 12:36:55,kasper,Skiftede fane,SCOUTING -> Scoutrapport
2026-08-31 12:36:56,kasper,Skiftede fane,SCOUTING -> Sammenligning
2026-08-31 12:41:14,kasper,Login,HIF Data Hub
2026-08-31 12:41:15,kasper,Skiftede fane,HVIDOVRE IF -> Forside
2026-08-31 12:41:17,kasper,Skiftede fane,HVIDOVRE IF -> Forside
2026-08-31 12:41:23,kasper,Skiftede fane,SCOUTING -> Scoutrapport
2026-08-31 12:41:25,kasper,Skiftede fane,SCOUTING -> Sammenligning
2026-08-31 15:51:54,kasper,Login,HIF Data Hub
2026-08-31 15:51:55,kasper,Skiftede fane,HVIDOVRE IF -> Forside
2026-08-31 15:51:58,kasper,Skiftede fane,HVIDOVRE IF -> Forside
2026-08-31 15:51:59,kasper,Skiftede fane,HVIDOVRE IF -> Forside
2026-08-31 15:52:01,kasper,Skiftede fane,HVIDOVRE IF -> Forside
2026-08-31 15:52:02,kasper,Skiftede fane,HVIDOVRE IF -> Forside
2026-08-31 15:52:03,kasper,Skiftede fane,HVIDOVRE IF -> Forside
2026-08-31 15:52:04,kasper,Skiftede fane,HVIDOVRE IF -> Forside
2026-08-31 15:52:06,kasper,Skiftede fane,SCOUTING -> Scoutrapport
2026-08-31 15:52:07,kasper,Skiftede fane,SCOUTING -> Scoutrapport
2026-08-31 15:52:08,kasper,Skiftede fane,SCOUTING -> Scoutrapport
2026-08-31 15:52:09,kasper,Skiftede fane,SCOUTING -> Scoutrapport
2026-08-31 15:52:11,kasper,Skiftede fane,SCOUTING -> Scoutrapport
2026-08-31 15:52:13,kasper,Skiftede fane,SCOUTING -> Sammenligning
2026-08-31 15:52:15,kasper,Skiftede fane,SCOUTING -> Sammenligning
2026-08-31 15:52:16,kasper,Skiftede fane,SCOUTING -> Sammenligning
2026-08-31 15:52:17,kasper,Skiftede fane,SCOUTING -> Sammenligning
2026-08-31 15:52:18,kasper,Skiftede fane,SCOUTING -> Sammenligning
2026-08-31 15:52:20,kasper,Skiftede fane,SCOUTING -> Sammenligning
2026-08-31 15:52:24,kasper,Skiftede fane,SCOUTING -> Sammenligning
2026-08-31 15:52:25,kasper,Skiftede fane,SCOUTING -> Sammenligning
2026-08-31 15:52:26,kasper,Skiftede fane,SCOUTING -> Sammenligning
2026-08-31 15:52:28,kasper,Skiftede fane,SCOUTING -> Sammenligning
2026-08-31 15:52:29,kasper,Skiftede fane,SCOUTING -> Sammenligning
2026-08-31 15:52:30,kasper,Skiftede fane,SCOUTING -> Database
2026-08-31 15:52:32,kasper,Skiftede fane,SCOUTING -> Database
2026-08-31 15:52:33,kasper,Skiftede fane,HVIDOVRE IF -> Forside
2026-08-31 15:52:48,kasper,Skiftede fane,SCOUTING -> Scoutrapport
2026-08-31 15:52:51,kasper,Skiftede fane,SCOUTING -> Sammenligning
2026-08-31 15:56:10,kasper,Login,HIF Data Hub
2026-08-31 15:56:11,kasper,Skiftede fane,SCOUTING -> Sammenligning
2026-08-31 15:56:13,kasper,Skiftede fane,SCOUTING -> Sammenligning
2026-08-31 16:17:29,kasper,Skiftede fane,SCOUTING -> Top10-scouting
2026-08-31 16:17:31,kasper,Skiftede fane,SCOUTING -> Top10-scouting
2026-08-31 16:17:32,kasper,Skiftede fane,SCOUTING -> Top10-scouting
2026-08-31 16:17:34,kasper,Skiftede fane,SCOUTING -> Top10-scouting
2026-08-31 16:17:36,kasper,Skiftede fane,SCOUTING -> Top10-scouting
2026-08-31 16:17:40,kasper,Skiftede fane,SCOUTING -> Top10-scouting
2026-08-31 16:17:42,kasper,Skiftede fane,SCOUTING -> Top10-scouting
2026-08-31 16:17:45,kasper,Skiftede fane,SCOUTING -> Top10-scouting
2026-08-31 16:17:46,kasper,Skiftede fane,SCOUTING -> Top10-scouting
2026-08-31 16:17:51,kasper,Skiftede fane,SCOUTING -> Top10-scouting
2026-08-31 16:17:52,kasper,Skiftede fane,SCOUTING -> Top10-scouting
2026-08-31 16:17:53,kasper,Skiftede fane,SCOUTING -> Top10-scouting
2026-08-31 16:17:55,kasper,Skiftede fane,SCOUTING -> Top10-scouting
2026-08-31 16:17:56,kasper,Skiftede fane,SCOUTING -> Top10-scouting
2026-08-31 16:17:58,kasper,Skiftede fane,SCOUTING -> Top10-scouting
2026-08-31 16:18:46,kasper,Skiftede fane,SCOUTING -> Sammenligning
2026-08-31 16:18:49,kasper,Skiftede fane,SCOUTING -> Top10-scouting
2026-08-31 16:19:01,kasper,Login,HIF Data Hub
2026-08-31 16:19:02,kasper,Skiftede fane,HVIDOVRE IF -> Forside
2026-08-31 16:19:04,kasper,Skiftede fane,HVIDOVRE IF -> Forside
2026-08-31 16:19:06,kasper,Skiftede fane,TILPASNING -> Spillerdata
2026-08-31 16:19:08,kasper,Skiftede fane,SCOUTING -> Scoutrapport
2026-08-31 16:19:09,kasper,Skiftede fane,SCOUTING -> Top10-scouting
2026-08-31 16:21:13,kasper,Skiftede fane,HVIDOVRE IF -> Forside
2026-08-31 16:21:14,kasper,Skiftede fane,HVIDOVRE IF -> Forside
2026-08-31 16:21:16,kasper,Login,HIF Data Hub
2026-08-31 16:21:18,kasper,Skiftede fane,SCOUTING -> Scoutrapport
2026-08-31 16:21:20,kasper,Skiftede fane,HVIDOVRE IF -> Forside
2026-08-31 16:21:22,kasper,Skiftede fane,SCOUTING -> Scoutrapport
2026-08-31 16:21:23,kasper,Skiftede fane,SCOUTING -> Scoutrapport
2026-08-31 16:21:25,kasper,Skiftede fane,SCOUTING -> Scoutrapport
2026-08-31 16:21:27,kasper,Skiftede fane,SCOUTING -> Scoutrapport
2026-08-31 16:21:28,kasper,Skiftede fane,SCOUTING -> Scoutrapport
2026-08-31 16:21:31,kasper,Skiftede fane,SCOUTING -> Scoutrapport
2026-08-31 16:21:32,kasper,Skiftede fane,SCOUTING -> Top10-scouting
2026-08-31 16:21:33,kasper,Skiftede fane,SCOUTING -> Scoutrapport
2026-08-31 16:21:34,kasper,Skiftede fane,SCOUTING -> Top10-scouting
2026-08-31 16:21:36,kasper,Skiftede fane,SCOUTING -> Top10-scouting
2026-08-31 17:17:29,kasper,Skiftede fane,SPILLERANALYSE -> Spilleraktioner
2026-08-31 17:17:37,kasper,Skiftede fane,SCOUTING -> Scoutrapport
2026-08-31 17:18:10,kasper,Login,HIF Data Hub
2026-08-31 17:18:12,kasper,Skiftede fane,HVIDOVRE IF -> Forside
2026-08-31 17:18:14,kasper,Skiftede fane,HVIDOVRE IF -> Forside
2026-08-31 17:18:16,kasper,Skiftede fane,HVIDOVRE IF -> Forside
2026-08-31 17:18:18,kasper,Skiftede fane,HVIDOVRE IF -> Forside
2026-08-31 17:18:21,kasper,Skiftede fane,HVIDOVRE IF -> Forside
2026-08-31 17:18:23,kasper,Skiftede fane,HVIDOVRE IF -> Forside
2026-08-31 17:18:27,kasper,Skiftede fane,HVIDOVRE IF -> Forside
2026-08-31 17:18:29,kasper,Skiftede fane,SCOUTING -> Scoutrapport
2026-08-31 17:18:31,kasper,Skiftede fane,HVIDOVRE IF -> Forside
2026-08-31 17:18:33,kasper,Skiftede fane,SCOUTING -> Scoutrapport
2026-08-31 17:18:35,kasper,Skiftede fane,SCOUTING -> Scoutrapport
2026-08-31 17:18:39,kasper,Skiftede fane,SCOUTING -> Top10-scouting
2026-08-31 17:25:03,kasper,Skiftede fane,ADMIN -> System Log
2026-08-31 17:25:05,kasper,Skiftede fane,SCOUTING -> Top10-scouting
2026-08-31 17:27:52,kasper,Login,HIF Data Hub
2026-08-31 17:27:53,kasper,Skiftede fane,HVIDOVRE IF -> Forside
2026-08-31 17:28:01,kasper,Skiftede fane,SCOUTING -> Scoutrapport
2026-08-31 17:28:07,kasper,Skiftede fane,SCOUTING -> Top10-scouting
2026-08-31 17:31:22,kasper,Login,HIF Data Hub
2026-08-31 17:31:24,kasper,Skiftede fane,HVIDOVRE IF -> Forside
2026-08-31 17:31:26,kasper,Skiftede fane,HVIDOVRE IF -> Forside
2026-08-31 17:31:28,kasper,Skiftede fane,HVIDOVRE IF -> Forside
2026-08-31 17:31:29,kasper,Skiftede fane,HVIDOVRE IF -> Forside
2026-08-31 17:31:30,kasper,Skiftede fane,HVIDOVRE IF -> Forside
2026-08-31 17:31:33,kasper,Skiftede fane,HVIDOVRE IF -> Forside
2026-08-31 17:31:35,kasper,Skiftede fane,HVIDOVRE IF -> Forside
2026-08-31 17:31:37,kasper,Skiftede fane,HVIDOVRE IF -> Forside
2026-08-31 17:31:38,kasper,Skiftede fane,HVIDOVRE IF -> Forside
2026-08-31 17:31:40,kasper,Skiftede fane,HVIDOVRE IF -> Forside
2026-08-31 17:31:42,kasper,Skiftede fane,HVIDOVRE IF -> Forside
2026-08-31 17:31:43,kasper,Skiftede fane,HVIDOVRE IF -> Forside
2026-08-31 17:31:46,kasper,Skiftede fane,HVIDOVRE IF -> Forside
2026-08-31 17:31:48,kasper,Skiftede fane,HVIDOVRE IF -> Forside
2026-08-31 17:31:49,kasper,Skiftede fane,HVIDOVRE IF -> Forside
2026-08-31 17:31:51,kasper,Skiftede fane,HVIDOVRE IF -> Forside
2026-08-31 17:31:53,kasper,Skiftede fane,HVIDOVRE IF -> Forside
2026-08-31 17:31:59,kasper,Skiftede fane,HVIDOVRE IF -> Forside
2026-08-31 17:32:00,kasper,Skiftede fane,HVIDOVRE IF -> Forside
2026-08-31 17:32:02,kasper,Skiftede fane,HVIDOVRE IF -> Forside
2026-08-31 17:32:03,kasper,Skiftede fane,HVIDOVRE IF -> Forside
2026-08-31 17:32:05,kasper,Skiftede fane,HVIDOVRE IF -> Forside
2026-08-31 17:32:07,kasper,Skiftede fane,HVIDOVRE IF -> Forside
2026-08-31 17:32:08,kasper,Skiftede fane,HVIDOVRE IF -> Forside
2026-08-31 17:32:10,kasper,Skiftede fane,HVIDOVRE IF -> Forside
2026-08-31 17:32:11,kasper,Skiftede fane,HVIDOVRE IF -> Forside
2026-08-31 17:32:12,kasper,Skiftede fane,HVIDOVRE IF -> Forside
2026-08-31 17:32:14,kasper,Skiftede fane,HVIDOVRE IF -> Forside
2026-08-31 17:32:16,kasper,Skiftede fane,HVIDOVRE IF -> Forside
2026-08-31 17:32:18,kasper,Skiftede fane,HVIDOVRE IF -> Forside
2026-08-31 17:32:23,kasper,Skiftede fane,HVIDOVRE IF -> Forside
2026-08-31 17:32:24,kasper,Skiftede fane,HVIDOVRE IF -> Forside
2026-08-31 17:32:26,kasper,Skiftede fane,HVIDOVRE IF -> Forside
2026-08-31 17:32:28,kasper,Skiftede fane,HVIDOVRE IF -> Forside
2026-08-31 17:32:29,kasper,Skiftede fane,SCOUTING -> Scoutrapport
2026-08-31 17:32:31,kasper,Skiftede fane,HVIDOVRE IF -> Forside
2026-08-31 17:32:33,kasper,Skiftede fane,HVIDOVRE IF -> Forside
2026-08-31 18:13:12,kasper,Login,HIF Data Hub
2026-08-31 18:13:13,kasper,Skiftede fane,HVIDOVRE IF -> Forside
2026-08-31 18:13:15,kasper,Skiftede fane,HVIDOVRE IF -> Forside
2026-08-31 18:13:18,kasper,Skiftede fane,HVIDOVRE IF -> Forside
2026-08-31 18:13:20,kasper,Skiftede fane,HVIDOVRE IF -> Forside
2026-08-31 18:13:22,kasper,Skiftede fane,HVIDOVRE IF -> Forside
2026-08-31 18:13:23,kasper,Skiftede fane,HVIDOVRE IF -> Forside
2026-08-31 18:13:26,kasper,Skiftede fane,HVIDOVRE IF -> Forside
2026-08-31 18:13:27,kasper,Skiftede fane,SCOUTING -> Scoutrapport
2026-08-31 18:13:30,kasper,Skiftede fane,SCOUTING -> Scoutrapport
2026-08-31 18:13:31,kasper,Skiftede fane,SCOUTING -> Scoutrapport
2026-08-31 18:13:33,kasper,Skiftede fane,SCOUTING -> Scoutrapport
2026-08-31 18:13:34,kasper,Skiftede fane,SCOUTING -> Scoutrapport
2026-08-31 18:13:37,kasper,Skiftede fane,SCOUTING -> Scoutrapport
2026-08-31 18:13:39,kasper,Skiftede fane,SCOUTING -> Scoutrapport
2026-08-31 18:13:42,kasper,Skiftede fane,SCOUTING -> Scoutrapport
2026-08-31 18:13:44,kasper,Skiftede fane,SCOUTING -> Scoutrapport
2026-08-31 18:13:46,kasper,Skiftede fane,SCOUTING -> Scoutrapport
2026-08-31 18:13:55,kasper,Skiftede fane,SCOUTING -> Top10-scouting
2026-08-31 18:17:15,kasper,Login,HIF Data Hub
2026-08-31 18:17:16,kasper,Skiftede fane,SCOUTING -> Top10-scouting
2026-08-31 18:17:19,kasper,Skiftede fane,SCOUTING -> Top10-scouting
2026-08-31 18:17:21,kasper,Skiftede fane,SCOUTING -> Top10-scouting
2026-08-31 18:17:24,kasper,Skiftede fane,SCOUTING -> Top10-scouting
2026-08-31 18:17:26,kasper,Skiftede fane,SCOUTING -> Top10-scouting
2026-08-31 18:17:28,kasper,Skiftede fane,SCOUTING -> Top10-scouting
2026-08-31 18:17:29,kasper,Skiftede fane,SCOUTING -> Top10-scouting
2026-08-31 18:17:31,kasper,Skiftede fane,SCOUTING -> Top10-scouting
2026-08-31 18:21:06,kasper,Skiftede fane,FYSISK DATA -> Fysisk data
2026-08-31 18:21:10,kasper,Skiftede fane,SCOUTING -> Scoutrapport
2026-08-31 18:21:15,kasper,Skiftede fane,SCOUTING -> Top10-scouting
2026-08-31 18:38:57,kasper,Skiftede fane,TILPASNING -> Spillerdata
2026-08-31 18:39:00,kasper,Skiftede fane,SCOUTING -> Scoutrapport
2026-08-31 18:39:05,kasper,Skiftede fane,SCOUTING -> Top10-scouting
2026-08-31 18:42:07,kasper,Login,HIF Data Hub
2026-08-31 18:42:09,kasper,Skiftede fane,HVIDOVRE IF -> Forside
2026-08-31 18:42:18,kasper,Skiftede fane,SCOUTING -> Scoutrapport
2026-08-31 18:42:23,kasper,Skiftede fane,SCOUTING -> Top10-scouting
2026-08-31 18:46:37,kasper,Login,HIF Data Hub
2026-08-31 18:46:38,kasper,Skiftede fane,HVIDOVRE IF -> Forside
2026-08-31 18:46:55,kasper,Skiftede fane,SCOUTING -> Scoutrapport
2026-08-31 18:47:03,kasper,Skiftede fane,SCOUTING -> Top10-scouting
2026-08-31 18:47:05,kasper,Skiftede fane,SCOUTING -> Top10-scouting
2026-08-31 18:47:08,kasper,Skiftede fane,SCOUTING -> Top10-scouting
2026-08-31 18:47:09,kasper,Skiftede fane,SCOUTING -> Top10-scouting
2026-08-31 18:47:11,kasper,Skiftede fane,SCOUTING -> Top10-scouting
2026-08-31 18:47:12,kasper,Skiftede fane,SCOUTING -> Top10-scouting
2026-08-31 18:47:13,kasper,Skiftede fane,SCOUTING -> Top10-scouting
2026-08-31 18:47:16,kasper,Skiftede fane,SCOUTING -> Top10-scouting
2026-08-31 18:47:18,kasper,Skiftede fane,SCOUTING -> Top10-scouting
2026-08-31 18:47:19,kasper,Skiftede fane,SCOUTING -> Top10-scouting
2026-08-31 18:47:20,kasper,Skiftede fane,SCOUTING -> Top10-scouting
2026-08-31 18:47:22,kasper,Skiftede fane,SCOUTING -> Top10-scouting
2026-08-31 18:47:24,kasper,Skiftede fane,SCOUTING -> Top10-scouting
2026-08-31 18:47:33,kasper,Skiftede fane,SCOUTING -> Top10-scouting
2026-08-31 18:59:28,ceo,Login,HIF Data Hub
2026-08-31 18:59:30,ceo,Skiftede fane,HVIDOVRE IF -> Forside
2026-08-31 18:59:31,ceo,Skiftede fane,HVIDOVRE IF -> Forside
2026-08-31 18:59:35,ceo,Skiftede fane,SCOUTING -> Scoutrapport
2026-08-31 18:59:52,ceo,Skiftede fane,SCOUTING -> Top10-scouting
2026-08-31 18:59:58,ceo,Skiftede fane,SCOUTING -> Top10-scouting
2026-08-31 19:00:02,ceo,Skiftede fane,SCOUTING -> Top10-scouting
2026-08-31 19:00:04,ceo,Skiftede fane,SCOUTING -> Top10-scouting
2026-08-31 19:00:05,ceo,Skiftede fane,SCOUTING -> Top10-scouting
2026-08-31 19:00:07,ceo,Skiftede fane,SCOUTING -> Top10-scouting
2026-08-31 19:00:09,ceo,Skiftede fane,SCOUTING -> Top10-scouting
2026-08-31 19:16:36,kasper,Login,HIF Data Hub
2026-08-31 19:16:38,kasper,Skiftede fane,HVIDOVRE IF -> Forside
2026-08-31 19:16:47,kasper,Skiftede fane,SCOUTING -> Scoutrapport
2026-08-31 19:16:50,kasper,Skiftede fane,SCOUTING -> Top10-scouting
2026-08-31 19:18:09,kasper,Login,HIF Data Hub
2026-08-31 19:18:10,kasper,Skiftede fane,HVIDOVRE IF -> Forside
2026-08-31 19:18:12,kasper,Skiftede fane,HVIDOVRE IF -> Forside
2026-08-31 19:18:15,kasper,Skiftede fane,HVIDOVRE IF -> Forside
2026-08-31 19:18:21,kasper,Skiftede fane,SCOUTING -> Scoutrapport
2026-08-31 19:18:24,kasper,Skiftede fane,SCOUTING -> Top10-scouting
2026-08-31 19:20:29,kasper,Skiftede fane,TESTSIDE -> Performance
2026-08-31 19:20:37,kasper,Skiftede fane,SCOUTING -> Scoutrapport
2026-08-31 19:20:39,kasper,Skiftede fane,SCOUTING -> Top10-scouting
2026-08-31 19:21:45,kasper,Login,HIF Data Hub
2026-08-31 19:21:47,kasper,Skiftede fane,HVIDOVRE IF -> Forside
2026-08-31 19:21:49,kasper,Skiftede fane,HVIDOVRE IF -> Forside
2026-08-31 19:21:50,kasper,Skiftede fane,HVIDOVRE IF -> Forside
2026-08-31 19:21:53,kasper,Skiftede fane,HVIDOVRE IF -> Forside
2026-08-31 19:21:54,kasper,Skiftede fane,HVIDOVRE IF -> Forside
2026-08-31 19:21:55,kasper,Skiftede fane,HVIDOVRE IF -> Forside
2026-08-31 19:21:57,kasper,Skiftede fane,HVIDOVRE IF -> Forside
2026-08-31 19:21:58,kasper,Skiftede fane,HVIDOVRE IF -> Forside
2026-08-31 19:21:59,kasper,Skiftede fane,HVIDOVRE IF -> Forside
2026-08-31 19:22:02,kasper,Skiftede fane,HVIDOVRE IF -> Forside
2026-08-31 19:22:04,kasper,Skiftede fane,HVIDOVRE IF -> Forside
2026-08-31 19:22:06,kasper,Skiftede fane,HVIDOVRE IF -> Forside
2026-08-31 19:22:07,kasper,Skiftede fane,SCOUTING -> Scoutrapport
2026-08-31 19:22:09,kasper,Skiftede fane,HVIDOVRE IF -> Forside
2026-08-31 19:22:11,kasper,Skiftede fane,HVIDOVRE IF -> Forside
2026-08-31 19:22:13,kasper,Skiftede fane,HVIDOVRE IF -> Forside
2026-08-31 19:22:15,kasper,Skiftede fane,HVIDOVRE IF -> Forside
2026-08-31 19:22:16,kasper,Skiftede fane,HVIDOVRE IF -> Forside
2026-08-31 19:22:18,kasper,Skiftede fane,HVIDOVRE IF -> Forside
2026-08-31 19:22:20,kasper,Skiftede fane,HVIDOVRE IF -> Forside
2026-08-31 19:22:22,kasper,Skiftede fane,HVIDOVRE IF -> Forside
2026-08-31 19:22:24,kasper,Skiftede fane,HVIDOVRE IF -> Forside
2026-08-31 19:22:26,kasper,Skiftede fane,HVIDOVRE IF -> Forside
2026-08-31 19:22:41,kasper,Login,HIF Data Hub
2026-08-31 19:22:42,kasper,Skiftede fane,HVIDOVRE IF -> Forside
2026-08-31 19:22:44,kasper,Skiftede fane,HVIDOVRE IF -> Forside
2026-08-31 19:23:36,kasper,Login,HIF Data Hub
2026-08-31 19:23:38,kasper,Skiftede fane,HVIDOVRE IF -> Forside
2026-08-31 19:26:54,kasper,Skiftede fane,SCOUTING -> Scoutrapport
2026-08-31 19:26:56,kasper,Skiftede fane,SCOUTING -> Scoutrapport
2026-08-31 19:26:59,kasper,Skiftede fane,SCOUTING -> Scoutrapport
2026-08-31 19:27:02,kasper,Skiftede fane,SCOUTING -> Scoutrapport
2026-08-31 19:27:03,kasper,Skiftede fane,SCOUTING -> Scoutrapport
2026-08-31 19:27:05,kasper,Skiftede fane,SCOUTING -> Scoutrapport
2026-08-31 19:27:06,kasper,Skiftede fane,SCOUTING -> Scoutrapport
2026-08-31 19:27:08,kasper,Skiftede fane,SCOUTING -> Scoutrapport
2026-08-31 19:27:10,kasper,Skiftede fane,SCOUTING -> Scoutrapport
2026-08-31 19:27:13,kasper,Skiftede fane,SCOUTING -> Scoutrapport
2026-08-31 19:27:17,kasper,Skiftede fane,SCOUTING -> Scoutrapport
2026-08-31 19:27:19,kasper,Skiftede fane,SCOUTING -> Scoutrapport
2026-08-31 19:27:22,kasper,Skiftede fane,SCOUTING -> Scoutrapport
2026-08-31 19:27:24,kasper,Skiftede fane,SCOUTING -> Scoutrapport
2026-08-31 19:27:25,kasper,Skiftede fane,SCOUTING -> Scoutrapport
2026-08-31 19:27:27,kasper,Skiftede fane,SCOUTING -> Scoutrapport
2026-08-31 19:27:30,kasper,Skiftede fane,SCOUTING -> Scoutrapport
2026-08-31 19:27:33,kasper,Skiftede fane,SCOUTING -> Scoutrapport
2026-08-31 19:27:35,kasper,Skiftede fane,SCOUTING -> Scoutrapport
2026-08-31 19:27:38,kasper,Skiftede fane,SCOUTING -> Scoutrapport
2026-08-31 19:27:40,kasper,Skiftede fane,SCOUTING -> Scoutrapport
2026-08-31 19:27:42,kasper,Skiftede fane,SCOUTING -> Scoutrapport
2026-08-31 19:27:43,kasper,Skiftede fane,SCOUTING -> Scoutrapport
2026-08-31 19:27:45,kasper,Skiftede fane,SCOUTING -> Scoutrapport
2026-08-31 19:27:47,kasper,Skiftede fane,SCOUTING -> Scoutrapport
2026-08-31 19:27:52,kasper,Skiftede fane,SCOUTING -> Scoutrapport
2026-08-31 19:27:54,kasper,Skiftede fane,SCOUTING -> Scoutrapport
2026-08-31 19:27:58,kasper,Skiftede fane,SCOUTING -> Scoutrapport
2026-08-31 19:28:00,kasper,Skiftede fane,SCOUTING -> Scoutrapport
2026-08-31 19:28:01,kasper,Skiftede fane,SCOUTING -> Scoutrapport
2026-08-31 19:28:03,kasper,Skiftede fane,SCOUTING -> Scoutrapport
2026-08-31 19:28:08,kasper,Skiftede fane,SCOUTING -> Scoutrapport
2026-08-31 19:28:12,kasper,Skiftede fane,SCOUTING -> Scoutrapport
2026-08-31 19:28:14,kasper,Skiftede fane,SCOUTING -> Scoutrapport
2026-08-31 19:28:19,kasper,Skiftede fane,SCOUTING -> Scoutrapport
2026-08-31 19:28:21,kasper,Skiftede fane,SCOUTING -> Scoutrapport
2026-08-31 19:28:25,kasper,Skiftede fane,SCOUTING -> Scoutrapport
2026-08-31 19:28:27,kasper,Skiftede fane,SCOUTING -> Scoutrapport
2026-08-31 19:29:15,kasper,Login,HIF Data Hub
2026-08-31 19:29:17,kasper,Skiftede fane,HVIDOVRE IF -> Forside
2026-08-31 19:29:18,kasper,Skiftede fane,HVIDOVRE IF -> Forside
2026-08-31 19:29:20,kasper,Skiftede fane,HVIDOVRE IF -> Forside
2026-08-31 19:29:31,ceo,Login,HIF Data Hub
2026-08-31 19:29:33,ceo,Skiftede fane,HVIDOVRE IF -> Forside
2026-08-31 19:29:35,ceo,Skiftede fane,HVIDOVRE IF -> Forside
2026-08-31 19:29:36,kasper,Skiftede fane,SCOUTING -> Scoutrapport
2026-08-31 19:29:38,ceo,Skiftede fane,SCOUTING -> Scoutrapport
2026-08-31 19:29:40,kasper,Skiftede fane,SCOUTING -> Top10-scouting
2026-08-31 19:29:42,ceo,Skiftede fane,SCOUTING -> Top10-scouting
2026-08-31 19:34:29,kasper,Login,HIF Data Hub
2026-08-31 19:34:31,kasper,Skiftede fane,HVIDOVRE IF -> Forside
2026-08-31 19:34:59,kasper,Skiftede fane,SCOUTING -> Scoutrapport
2026-08-31 19:35:01,kasper,Skiftede fane,SCOUTING -> Top10-scouting
2026-08-31 19:37:33,kasper,Skiftede fane,HVIDOVRE IF -> Forside
2026-08-31 19:37:42,kasper,Skiftede fane,HOLDANALYSE -> Modstanderanalyse
2026-08-31 19:39:15,kasper,Skiftede fane,TILPASNING -> Spillerdata
2026-08-31 19:39:32,kasper,Skiftede fane,SCOUTING -> Scoutrapport
2026-08-31 19:39:37,kasper,Skiftede fane,SCOUTING -> Sammenligning
2026-08-31 19:40:24,kasper,Skiftede fane,HVIDOVRE IF -> Forside
2026-08-31 19:42:12,kasper,Login,HIF Data Hub
2026-08-31 19:42:14,kasper,Skiftede fane,HVIDOVRE IF -> Forside
2026-08-31 19:42:28,kasper,Skiftede fane,SCOUTING -> Scoutrapport
2026-08-31 19:42:37,kasper,Skiftede fane,SCOUTING -> Top10-scouting
2026-08-31 19:44:04,kasper,Login,HIF Data Hub
2026-08-31 19:44:06,kasper,Skiftede fane,HVIDOVRE IF -> Forside
2026-08-31 19:44:12,kasper,Skiftede fane,SCOUTING -> Scoutrapport
2026-08-31 19:44:17,kasper,Skiftede fane,SCOUTING -> Top10-scouting
2026-08-31 19:51:43,kasper,Login,HIF Data Hub
2026-08-31 19:51:45,kasper,Skiftede fane,HVIDOVRE IF -> Forside
2026-08-31 19:51:47,kasper,Skiftede fane,HVIDOVRE IF -> Forside
2026-08-31 19:51:49,kasper,Skiftede fane,HVIDOVRE IF -> Forside
2026-08-31 19:51:50,kasper,Skiftede fane,HVIDOVRE IF -> Forside
2026-08-31 19:51:51,kasper,Skiftede fane,HVIDOVRE IF -> Forside
2026-08-31 19:51:53,kasper,Skiftede fane,HVIDOVRE IF -> Forside
2026-08-31 19:51:55,kasper,Skiftede fane,HVIDOVRE IF -> Forside
2026-08-31 19:51:57,kasper,Skiftede fane,HVIDOVRE IF -> Forside
2026-08-31 19:51:59,kasper,Skiftede fane,HVIDOVRE IF -> Forside
2026-08-31 19:52:00,kasper,Skiftede fane,HVIDOVRE IF -> Forside
2026-08-31 19:52:01,kasper,Skiftede fane,HVIDOVRE IF -> Forside
2026-08-31 19:52:03,kasper,Skiftede fane,HVIDOVRE IF -> Forside
2026-08-31 19:52:05,kasper,Skiftede fane,HVIDOVRE IF -> Forside
2026-08-31 19:52:06,kasper,Skiftede fane,HVIDOVRE IF -> Forside
2026-08-31 19:52:07,kasper,Skiftede fane,HVIDOVRE IF -> Forside
2026-08-31 19:52:09,kasper,Skiftede fane,HVIDOVRE IF -> Forside
2026-08-31 19:52:11,kasper,Skiftede fane,HVIDOVRE IF -> Forside
2026-08-31 19:52:23,kasper,Skiftede fane,HVIDOVRE IF -> Forside
2026-08-31 19:52:24,kasper,Skiftede fane,HVIDOVRE IF -> Forside
2026-08-31 19:52:25,kasper,Skiftede fane,HVIDOVRE IF -> Forside
2026-08-31 19:52:26,kasper,Skiftede fane,HVIDOVRE IF -> Forside
2026-08-31 19:52:28,kasper,Skiftede fane,HVIDOVRE IF -> Forside
2026-08-31 19:52:29,kasper,Skiftede fane,HVIDOVRE IF -> Forside
2026-08-31 19:52:30,kasper,Skiftede fane,HVIDOVRE IF -> Forside
2026-08-31 19:52:33,kasper,Skiftede fane,HVIDOVRE IF -> Forside
2026-08-31 19:52:49,kasper,Skiftede fane,SCOUTING -> Top10-scouting
2026-08-31 19:52:57,kasper,Skiftede fane,SCOUTING -> Scoutrapport
2026-08-31 19:53:04,kasper,Skiftede fane,HVIDOVRE IF -> Forside
2026-08-31 19:53:07,kasper,Skiftede fane,HVIDOVRE IF -> Forside
2026-08-31 19:53:09,kasper,Skiftede fane,HVIDOVRE IF -> Forside
2026-08-31 19:53:19,kasper,Skiftede fane,HVIDOVRE IF -> Forside
2026-08-31 19:53:20,kasper,Skiftede fane,HVIDOVRE IF -> Forside
2026-08-31 19:53:22,kasper,Skiftede fane,HVIDOVRE IF -> Forside
2026-08-31 19:53:24,kasper,Skiftede fane,HVIDOVRE IF -> Forside
2026-08-31 19:56:46,kasper,Login,HIF Data Hub
2026-08-31 19:56:47,kasper,Skiftede fane,HVIDOVRE IF -> Forside
2026-08-31 19:57:06,kasper,Skiftede fane,SCOUTING -> Scoutrapport
2026-08-31 19:57:08,kasper,Skiftede fane,SCOUTING -> Scoutrapport
2026-08-31 19:57:11,kasper,Skiftede fane,SCOUTING -> Scoutrapport
2026-08-31 19:57:18,kasper,Skiftede fane,SCOUTING -> Scoutrapport
2026-08-31 19:57:20,kasper,Skiftede fane,SCOUTING -> Scoutrapport
2026-08-31 19:57:21,kasper,Skiftede fane,SCOUTING -> Scoutrapport
2026-08-31 19:57:23,kasper,Skiftede fane,SCOUTING -> Scoutrapport
2026-08-31 19:57:24,kasper,Skiftede fane,SCOUTING -> Scoutrapport
2026-08-31 19:57:26,kasper,Skiftede fane,SCOUTING -> Scoutrapport
2026-08-31 19:57:30,kasper,Skiftede fane,SCOUTING -> Scoutrapport
2026-08-31 19:57:34,kasper,Skiftede fane,SCOUTING -> Scoutrapport
2026-08-31 19:57:39,kasper,Skiftede fane,SCOUTING -> Scoutrapport
2026-08-31 19:57:40,kasper,Skiftede fane,SCOUTING -> Scoutrapport
2026-08-31 19:57:42,kasper,Skiftede fane,SCOUTING -> Scoutrapport
2026-08-31 19:57:43,kasper,Skiftede fane,SCOUTING -> Scoutrapport
2026-08-31 19:57:47,kasper,Skiftede fane,SCOUTING -> Scoutrapport
2026-08-31 19:57:49,kasper,Skiftede fane,SCOUTING -> Scoutrapport
2026-08-31 19:57:50,kasper,Skiftede fane,SCOUTING -> Scoutrapport
2026-08-31 19:57:52,kasper,Skiftede fane,SCOUTING -> Scoutrapport
2026-08-31 19:57:54,kasper,Skiftede fane,SCOUTING -> Top10-scouting
2026-09-01 06:51:19,kasper,Login,HIF Data Hub
2026-09-01 06:51:21,kasper,Skiftede fane,HVIDOVRE IF -> Forside
2026-09-01 06:51:22,kasper,Skiftede fane,HVIDOVRE IF -> Forside
2026-09-01 06:51:26,kasper,Skiftede fane,HVIDOVRE IF -> Forside
2026-09-01 06:51:28,kasper,Skiftede fane,HVIDOVRE IF -> Forside
2026-09-01 06:51:31,kasper,Skiftede fane,HVIDOVRE IF -> Forside
2026-09-01 06:51:33,kasper,Skiftede fane,HVIDOVRE IF -> Forside
2026-09-01 06:51:34,kasper,Skiftede fane,HVIDOVRE IF -> Forside
2026-09-01 06:51:36,kasper,Skiftede fane,HVIDOVRE IF -> Forside
2026-09-01 06:51:39,kasper,Skiftede fane,SCOUTING -> Scoutrapport
2026-09-01 06:52:01,kasper,Skiftede fane,SCOUTING -> Top10-scouting
2026-09-01 07:11:12,kasper,Login,HIF Data Hub
2026-09-01 07:11:13,kasper,Skiftede fane,HVIDOVRE IF -> Forside
2026-09-01 07:11:22,kasper,Skiftede fane,SCOUTING -> Scoutrapport
2026-09-01 07:11:24,kasper,Skiftede fane,SCOUTING -> Top10-scouting
2026-09-01 07:12:26,kasper,Login,HIF Data Hub
2026-09-01 07:12:27,kasper,Skiftede fane,HVIDOVRE IF -> Forside
2026-09-01 07:12:29,kasper,Skiftede fane,HVIDOVRE IF -> Forside
2026-09-01 07:12:31,kasper,Skiftede fane,HVIDOVRE IF -> Forside
2026-09-01 07:12:32,kasper,Skiftede fane,HVIDOVRE IF -> Forside
2026-09-01 07:12:33,kasper,Skiftede fane,HVIDOVRE IF -> Forside
2026-09-01 07:12:35,kasper,Skiftede fane,HVIDOVRE IF -> Forside
2026-09-01 07:12:37,kasper,Skiftede fane,HVIDOVRE IF -> Forside
2026-09-01 07:12:38,kasper,Skiftede fane,HVIDOVRE IF -> Forside
2026-09-01 07:12:39,kasper,Skiftede fane,HVIDOVRE IF -> Forside
2026-09-01 07:12:40,kasper,Skiftede fane,HVIDOVRE IF -> Forside
2026-09-01 07:12:42,kasper,Skiftede fane,HVIDOVRE IF -> Forside
2026-09-01 07:12:43,kasper,Skiftede fane,HVIDOVRE IF -> Forside
2026-09-01 07:12:45,kasper,Skiftede fane,HVIDOVRE IF -> Forside
2026-09-01 07:12:47,kasper,Skiftede fane,HVIDOVRE IF -> Forside
2026-09-01 07:12:48,kasper,Skiftede fane,HVIDOVRE IF -> Forside
2026-09-01 07:12:50,kasper,Skiftede fane,HVIDOVRE IF -> Forside
2026-09-01 07:12:51,kasper,Skiftede fane,HVIDOVRE IF -> Forside
2026-09-01 07:12:53,kasper,Skiftede fane,HVIDOVRE IF -> Forside
2026-09-01 07:13:38,kasper,Skiftede fane,SCOUTING -> Scoutrapport
2026-09-01 07:13:40,kasper,Skiftede fane,SCOUTING -> Top10-scouting
2026-09-01 07:13:42,kasper,Skiftede fane,SCOUTING -> Top10-scouting
2026-09-01 07:13:44,kasper,Skiftede fane,SCOUTING -> Top10-scouting
2026-09-01 07:13:46,kasper,Skiftede fane,SCOUTING -> Top10-scouting
2026-09-01 07:13:48,kasper,Skiftede fane,SCOUTING -> Top10-scouting
2026-09-01 07:13:51,kasper,Skiftede fane,SCOUTING -> Top10-scouting
2026-09-01 07:13:52,kasper,Skiftede fane,SCOUTING -> Top10-scouting
2026-09-01 07:13:54,kasper,Skiftede fane,SCOUTING -> Top10-scouting
2026-09-01 07:13:56,kasper,Skiftede fane,SCOUTING -> Top10-scouting
2026-09-01 07:13:58,kasper,Skiftede fane,SCOUTING -> Top10-scouting
2026-09-01 07:14:02,kasper,Skiftede fane,SCOUTING -> Top10-scouting
2026-09-01 07:14:03,kasper,Skiftede fane,SCOUTING -> Top10-scouting
2026-09-01 07:14:05,kasper,Skiftede fane,SCOUTING -> Top10-scouting
2026-09-01 07:14:06,kasper,Skiftede fane,SCOUTING -> Top10-scouting
2026-09-01 07:14:09,kasper,Skiftede fane,SCOUTING -> Top10-scouting
2026-09-01 07:14:11,kasper,Skiftede fane,SCOUTING -> Top10-scouting
2026-09-01 07:14:14,kasper,Skiftede fane,SCOUTING -> Top10-scouting
2026-09-01 07:14:16,kasper,Skiftede fane,SCOUTING -> Top10-scouting
2026-09-01 07:14:18,kasper,Skiftede fane,SCOUTING -> Top10-scouting
2026-09-01 07:14:19,kasper,Skiftede fane,SCOUTING -> Top10-scouting
2026-09-01 07:14:21,kasper,Skiftede fane,SCOUTING -> Top10-scouting
2026-09-01 07:14:26,kasper,Skiftede fane,SCOUTING -> Top10-scouting
2026-09-01 07:14:27,kasper,Skiftede fane,SCOUTING -> Top10-scouting
2026-09-01 07:14:29,kasper,Skiftede fane,SCOUTING -> Top10-scouting
2026-09-01 07:14:31,kasper,Skiftede fane,SCOUTING -> Top10-scouting
2026-09-01 07:14:34,kasper,Skiftede fane,SCOUTING -> Top10-scouting
2026-09-01 07:14:38,kasper,Skiftede fane,SCOUTING -> Top10-scouting
2026-09-01 07:14:40,kasper,Skiftede fane,SCOUTING -> Top10-scouting
2026-09-01 07:14:41,kasper,Skiftede fane,SCOUTING -> Top10-scouting
2026-09-01 07:14:42,kasper,Skiftede fane,SCOUTING -> Top10-scouting
2026-09-01 07:14:44,kasper,Skiftede fane,SCOUTING -> Top10-scouting
2026-09-01 07:14:46,kasper,Skiftede fane,SCOUTING -> Top10-scouting
2026-09-01 07:16:38,kasper,Skiftede fane,ADMIN -> System Log
2026-09-01 07:16:40,kasper,Skiftede fane,ADMIN -> System Log
2026-09-01 07:16:42,kasper,Skiftede fane,ADMIN -> System Log
2026-09-01 07:16:45,kasper,Skiftede fane,ADMIN -> System Log
2026-09-01 07:16:48,kasper,Skiftede fane,ADMIN -> System Log
2026-09-01 07:16:49,kasper,Skiftede fane,ADMIN -> System Log
2026-09-01 07:16:50,kasper,Skiftede fane,ADMIN -> System Log
2026-09-01 07:16:52,kasper,Skiftede fane,ADMIN -> System Log
2026-09-01 07:16:54,kasper,Skiftede fane,ADMIN -> System Log
2026-09-01 07:16:56,kasper,Skiftede fane,ADMIN -> System Log
2026-09-01 07:16:57,kasper,Skiftede fane,ADMIN -> System Log
2026-09-01 07:16:58,kasper,Skiftede fane,ADMIN -> System Log
2026-09-01 07:17:00,kasper,Skiftede fane,ADMIN -> System Log
2026-09-01 07:17:01,kasper,Skiftede fane,ADMIN -> System Log
2026-09-01 07:17:03,kasper,Skiftede fane,ADMIN -> System Log
2026-09-01 07:17:05,kasper,Skiftede fane,ADMIN -> System Log
2026-09-01 07:17:07,kasper,Skiftede fane,ADMIN -> System Log
2026-09-01 07:17:11,kasper,Skiftede fane,ADMIN -> System Log
2026-09-01 07:17:12,kasper,Skiftede fane,ADMIN -> System Log
2026-09-01 07:17:14,kasper,Skiftede fane,ADMIN -> System Log
2026-09-01 07:17:17,kasper,Skiftede fane,ADMIN -> System Log
2026-09-01 07:17:19,kasper,Skiftede fane,ADMIN -> System Log
2026-09-01 07:17:21,kasper,Skiftede fane,ADMIN -> System Log
2026-09-01 07:17:23,kasper,Skiftede fane,ADMIN -> System Log
2026-09-01 07:17:25,kasper,Skiftede fane,ADMIN -> System Log
2026-09-01 07:17:26,kasper,Skiftede fane,ADMIN -> System Log
2026-09-01 07:17:28,kasper,Skiftede fane,ADMIN -> System Log
2026-09-01 07:17:30,kasper,Skiftede fane,ADMIN -> System Log
2026-09-01 07:17:31,kasper,Skiftede fane,ADMIN -> System Log
2026-09-01 07:17:36,kasper,Skiftede fane,ADMIN -> System Log
2026-09-01 07:18:34,kasper,Login,HIF Data Hub
2026-09-01 07:18:36,kasper,Skiftede fane,HVIDOVRE IF -> Forside
2026-09-01 07:18:37,kasper,Skiftede fane,HVIDOVRE IF -> Forside
2026-09-01 07:18:39,kasper,Skiftede fane,HVIDOVRE IF -> Forside
2026-09-01 07:18:40,kasper,Skiftede fane,HVIDOVRE IF -> Forside
2026-09-01 07:18:41,kasper,Skiftede fane,HVIDOVRE IF -> Forside
2026-09-01 07:18:42,kasper,Skiftede fane,HVIDOVRE IF -> Forside
2026-09-01 07:18:43,kasper,Skiftede fane,HVIDOVRE IF -> Forside
2026-09-01 07:18:44,kasper,Skiftede fane,HVIDOVRE IF -> Forside
2026-09-01 07:18:46,kasper,Skiftede fane,HVIDOVRE IF -> Forside
2026-09-01 07:18:48,kasper,Skiftede fane,HVIDOVRE IF -> Forside
2026-09-01 07:18:49,kasper,Skiftede fane,HVIDOVRE IF -> Forside
2026-09-01 07:18:51,kasper,Skiftede fane,HVIDOVRE IF -> Forside
2026-09-01 07:18:52,kasper,Skiftede fane,HVIDOVRE IF -> Forside
2026-09-01 07:18:56,kasper,Skiftede fane,HVIDOVRE IF -> Forside
2026-09-01 07:18:58,kasper,Skiftede fane,HVIDOVRE IF -> Forside
2026-09-01 07:18:59,kasper,Skiftede fane,HVIDOVRE IF -> Forside
2026-09-01 07:19:00,kasper,Skiftede fane,HVIDOVRE IF -> Forside
2026-09-01 07:19:02,kasper,Skiftede fane,HVIDOVRE IF -> Forside
2026-09-01 07:19:04,kasper,Skiftede fane,HVIDOVRE IF -> Forside
2026-09-01 07:19:06,kasper,Skiftede fane,HVIDOVRE IF -> Forside
2026-09-01 07:19:07,kasper,Skiftede fane,HVIDOVRE IF -> Forside
2026-09-01 07:19:09,kasper,Skiftede fane,HVIDOVRE IF -> Forside
2026-09-01 07:19:11,kasper,Skiftede fane,HVIDOVRE IF -> Forside
2026-09-01 07:19:14,kasper,Skiftede fane,HVIDOVRE IF -> Forside
2026-09-01 07:19:15,kasper,Skiftede fane,HVIDOVRE IF -> Forside
2026-09-01 07:19:16,kasper,Skiftede fane,HVIDOVRE IF -> Forside
2026-09-01 07:19:18,kasper,Skiftede fane,HVIDOVRE IF -> Forside
2026-09-01 07:19:19,kasper,Skiftede fane,HVIDOVRE IF -> Forside
2026-09-01 07:19:20,kasper,Skiftede fane,HVIDOVRE IF -> Forside
2026-09-01 07:19:22,kasper,Skiftede fane,HVIDOVRE IF -> Forside
2026-09-01 07:19:23,kasper,Skiftede fane,HVIDOVRE IF -> Forside
2026-09-01 07:19:24,kasper,Skiftede fane,HVIDOVRE IF -> Forside
2026-09-01 07:19:25,kasper,Skiftede fane,HVIDOVRE IF -> Forside
2026-09-01 07:19:27,kasper,Skiftede fane,HVIDOVRE IF -> Forside
2026-09-01 07:19:28,kasper,Skiftede fane,HVIDOVRE IF -> Forside
2026-09-01 07:19:29,kasper,Skiftede fane,HVIDOVRE IF -> Forside
2026-09-01 07:20:29,kasper,Skiftede fane,SCOUTING -> Scoutrapport
2026-09-01 07:20:33,kasper,Skiftede fane,SCOUTING -> Top10-scouting
2026-09-01 07:20:35,kasper,Skiftede fane,SCOUTING -> Top10-scouting
2026-09-01 07:20:37,kasper,Skiftede fane,SCOUTING -> Top10-scouting
2026-09-01 07:20:40,kasper,Skiftede fane,SCOUTING -> Top10-scouting
2026-09-01 07:20:43,kasper,Skiftede fane,SCOUTING -> Top10-scouting
2026-09-01 07:20:45,kasper,Skiftede fane,SCOUTING -> Top10-scouting
2026-09-01 07:20:47,kasper,Skiftede fane,SCOUTING -> Top10-scouting
2026-09-01 07:20:49,kasper,Skiftede fane,SCOUTING -> Top10-scouting
2026-09-01 07:20:52,kasper,Skiftede fane,SCOUTING -> Top10-scouting
2026-09-01 07:20:53,kasper,Skiftede fane,SCOUTING -> Top10-scouting
2026-09-01 07:20:54,kasper,Skiftede fane,SCOUTING -> Top10-scouting
2026-09-01 07:20:55,kasper,Skiftede fane,SCOUTING -> Top10-scouting
2026-09-01 07:20:57,kasper,Skiftede fane,SCOUTING -> Top10-scouting
2026-09-01 07:20:58,kasper,Skiftede fane,SCOUTING -> Top10-scouting
2026-09-01 07:20:59,kasper,Skiftede fane,SCOUTING -> Top10-scouting
2026-09-01 07:21:01,kasper,Skiftede fane,SCOUTING -> Top10-scouting
2026-09-01 07:21:04,kasper,Skiftede fane,SCOUTING -> Top10-scouting
2026-09-01 07:21:06,kasper,Skiftede fane,SCOUTING -> Top10-scouting
2026-09-01 07:21:16,kasper,Skiftede fane,HVIDOVRE IF -> Forside
2026-09-01 07:22:16,kasper,Skiftede fane,FYSISK DATA -> Fysisk data
2026-09-01 07:22:20,kasper,Skiftede fane,SCOUTING -> Scoutrapport
2026-09-01 07:22:23,kasper,Skiftede fane,SCOUTING -> Top10-scouting
2026-09-01 07:22:28,kasper,Skiftede fane,HOLDANALYSE -> Modstanderanalyse
2026-09-01 11:21:40,ceo,Login,HIF Data Hub
2026-09-01 11:21:41,ceo,Skiftede fane,HVIDOVRE IF -> Forside
2026-09-01 11:21:43,ceo,Skiftede fane,HVIDOVRE IF -> Forside
2026-09-01 11:21:48,ceo,Skiftede fane,SCOUTING -> Scoutrapport
2026-09-01 11:21:56,ceo,Skiftede fane,SCOUTING -> Top10-scouting
2026-09-01 11:36:15,ceo,Skiftede fane,SCOUTING -> Scoutrapport
2026-09-01 11:51:23,kasper,Login,HIF Data Hub
2026-09-01 11:51:24,kasper,Skiftede fane,HVIDOVRE IF -> Forside
2026-09-01 11:51:29,kasper,Skiftede fane,SCOUTING -> Scoutrapport
2026-09-01 11:51:32,kasper,Skiftede fane,SCOUTING -> Top10-scouting
2026-09-01 12:00:57,ceo,Skiftede fane,SCOUTING -> Database
2026-09-01 12:01:18,kasper,Login,HIF Data Hub
2026-09-01 12:01:20,kasper,Skiftede fane,SCOUTING -> Top10-scouting
2026-09-01 12:03:46,kasper,Login,HIF Data Hub
2026-09-01 12:03:48,kasper,Skiftede fane,HVIDOVRE IF -> Forside
2026-09-01 12:04:01,kasper,Skiftede fane,SCOUTING -> Scoutrapport
2026-09-01 12:04:04,kasper,Skiftede fane,SCOUTING -> Top10-scouting
2026-09-01 12:07:15,kasper,Login,HIF Data Hub
2026-09-01 12:07:17,kasper,Skiftede fane,HVIDOVRE IF -> Forside
2026-09-01 12:07:26,kasper,Skiftede fane,SCOUTING -> Scoutrapport
2026-09-01 12:07:29,kasper,Skiftede fane,SCOUTING -> Top10-scouting
2026-09-01 12:08:22,ceo,Skiftede fane,HVIDOVRE IF -> Forside
2026-09-01 12:08:23,ceo,Login,HIF Data Hub
2026-09-01 12:08:28,ceo,Skiftede fane,SCOUTING -> Scoutrapport
2026-09-01 12:08:32,ceo,Skiftede fane,SCOUTING -> Top10-scouting
2026-09-01 18:19:47,ceo,Login,HIF Data Hub
2026-09-01 18:19:49,ceo,Skiftede fane,HVIDOVRE IF -> Forside
2026-09-01 18:19:50,ceo,Skiftede fane,HOLDANALYSE -> Modstanderanalyse
2026-09-01 18:20:00,ceo,Skiftede fane,FYSISK DATA -> Fysisk data
2026-09-01 18:20:02,ceo,Skiftede fane,SCOUTING -> Scoutrapport
2026-09-01 18:20:05,ceo,Skiftede fane,SCOUTING -> Emnedatabase
2026-09-01 18:23:23,ceo,Skiftede fane,SCOUTING -> Top10-scouting
2026-09-01 19:08:57,ceo,Skiftede fane,HVIDOVRE IF -> Forside
2026-09-01 19:09:01,ceo,Login,HIF Data Hub
2026-09-01 19:09:03,ceo,Skiftede fane,SCOUTING -> Scoutrapport
2026-09-01 19:09:08,ceo,Skiftede fane,SCOUTING -> Top10-scouting
2026-09-02 06:17:51,kasper,Skiftede fane,HVIDOVRE IF -> Forside
2026-09-02 06:17:57,kasper,Login,HIF Data Hub
2026-09-02 06:18:01,kasper,Skiftede fane,SCOUTING -> Scoutrapport
2026-09-02 06:18:04,kasper,Skiftede fane,HVIDOVRE IF -> Forside
2026-09-02 06:18:44,kasper,Skiftede fane,SCOUTING -> Scoutrapport
2026-09-02 06:19:20,kasper,Skiftede fane,SCOUTING -> Top10-scouting
2026-09-02 06:44:51,ceo,Skiftede fane,HVIDOVRE IF -> Forside
2026-09-02 06:44:53,ceo,Login,HIF Data Hub
2026-09-02 08:05:30,kasper,Skiftede fane,ADMIN -> System Log
2026-09-02 08:05:34,kasper,Skiftede fane,ADMIN -> Spillerradar
2026-09-02 08:39:42,kasper,Skiftede fane,HVIDOVRE IF -> Forside
2026-09-02 08:39:43,kasper,Login,HIF Data Hub
2026-09-02 08:40:10,kasper,Login,HIF Data Hub
2026-09-02 08:40:12,kasper,Skiftede fane,HVIDOVRE IF -> Forside
2026-09-02 08:40:35,kasper,Skiftede fane,ADMIN -> System Log
2026-09-02 08:40:48,kasper,Skiftede fane,ADMIN -> Spillerradar
2026-09-02 08:42:10,kasper,Skiftede fane,SPILLERANALYSE -> Spilleraktioner
2026-09-02 08:42:16,kasper,Skiftede fane,SPILLERANALYSE -> Spillerprofil
2026-09-02 08:42:46,kasper,Skiftede fane,SPILLERANALYSE -> Spiller-stats
2026-09-02 08:43:02,kasper,Skiftede fane,FYSISK DATA -> Fysisk data
2026-09-02 08:43:15,kasper,Skiftede fane,TILPASNING -> Spillerdata
2026-09-02 08:43:17,kasper,Skiftede fane,TESTSIDE -> Performance
2026-09-02 08:43:21,kasper,Skiftede fane,TESTSIDE -> Oversigt
2026-09-02 08:43:24,kasper,Skiftede fane,TESTSIDE -> Charts
2026-09-02 08:43:26,kasper,Skiftede fane,SCOUTING -> Scoutrapport
2026-09-02 08:43:30,kasper,Skiftede fane,SCOUTING -> Database
2026-09-02 11:20:44,kasper,Skiftede fane,HVIDOVRE IF -> Forside
2026-09-02 11:20:46,kasper,Login,HIF Data Hub
2026-09-02 11:20:49,kasper,Skiftede fane,SCOUTING -> Scoutrapport
2026-09-02 11:20:51,kasper,Skiftede fane,SCOUTING -> Top10-scouting
2026-09-03 07:21:07,kasper,Login,HIF Data Hub
2026-09-03 07:21:09,kasper,Skiftede fane,HVIDOVRE IF -> Forside
2026-09-03 07:21:13,kasper,Skiftede fane,SCOUTING -> Scoutrapport
2026-09-03 07:21:17,kasper,Skiftede fane,SCOUTING -> Top10-scouting
2026-09-03 07:33:48,kasper,Skiftede fane,HVIDOVRE IF -> Forside
2026-09-03 07:33:49,kasper,Login,HIF Data Hub
2026-09-03 07:33:53,kasper,Skiftede fane,HOLDANALYSE -> Modstanderanalyse
2026-09-03 07:33:56,kasper,Skiftede fane,HOLDANALYSE -> Kampudvikling
2026-09-03 09:21:15,kasper,Skiftede fane,ADMIN -> System Log
2026-09-03 09:21:22,kasper,Skiftede fane,ADMIN -> Spillerradar
2026-09-03 09:22:59,kasper,Skiftede fane,HVIDOVRE IF -> Forside
2026-09-03 09:23:01,kasper,Login,HIF Data Hub
2026-09-03 09:23:09,kasper,Skiftede fane,ADMIN -> System Log
2026-09-03 09:23:11,kasper,Skiftede fane,ADMIN -> Spillerradar
2026-09-03 09:23:32,kasper,Login,HIF Data Hub
2026-09-03 09:23:33,kasper,Skiftede fane,HVIDOVRE IF -> Forside
2026-09-03 09:23:34,kasper,Skiftede fane,ADMIN -> System Log
2026-09-03 09:24:18,kasper,Login,HIF Data Hub
2026-09-03 09:24:19,kasper,Skiftede fane,HVIDOVRE IF -> Forside
2026-09-03 09:24:39,kasper,Skiftede fane,ADMIN -> System Log
2026-09-03 09:24:51,kasper,Skiftede fane,ADMIN -> Teamradar
2026-09-03 09:32:32,kasper,Skiftede fane,TESTSIDE -> Performance
2026-09-03 09:33:02,kasper,Skiftede fane,TESTSIDE -> Charts
2026-09-03 09:33:19,kasper,Skiftede fane,TESTSIDE -> Oversigt
2026-09-03 09:33:22,kasper,Skiftede fane,TESTSIDE -> Charts
2026-09-03 09:34:12,kasper,Login,HIF Data Hub
2026-09-03 09:34:14,kasper,Skiftede fane,HVIDOVRE IF -> Forside
2026-09-03 09:34:48,kasper,Skiftede fane,ADMIN -> System Log
2026-09-03 09:34:51,kasper,Skiftede fane,ADMIN -> Teamradar
2026-09-03 09:35:25,kasper,Skiftede fane,HVIDOVRE IF -> Forside
2026-09-03 09:35:26,kasper,Login,HIF Data Hub
2026-09-03 09:36:12,kasper,Skiftede fane,ADMIN -> System Log
2026-09-03 09:36:19,kasper,Skiftede fane,ADMIN -> Teamradar
2026-09-03 10:29:15,kasper,Login,HIF Data Hub
2026-09-03 10:29:17,kasper,Skiftede fane,HVIDOVRE IF -> Forside
2026-09-03 10:29:34,kasper,Skiftede fane,ADMIN -> System Log
2026-09-03 10:29:41,kasper,Skiftede fane,ADMIN -> Teamradar
2026-09-03 11:02:11,ceo,Skiftede fane,HVIDOVRE IF -> Forside
2026-09-03 11:02:12,ceo,Login,HIF Data Hub
2026-09-03 11:02:31,ceo,Login,HIF Data Hub
2026-09-03 11:02:32,ceo,Skiftede fane,HVIDOVRE IF -> Forside
2026-09-03 11:02:43,ceo,Skiftede fane,HOLDANALYSE -> Modstanderanalyse
2026-09-03 11:02:52,ceo,Skiftede fane,HOLDANALYSE -> Kampoversigt
2026-09-03 11:02:54,ceo,Skiftede fane,HOLDANALYSE -> Ligaoversigt
2026-09-03 11:02:57,ceo,Skiftede fane,SCOUTING -> Scoutrapport
2026-09-03 11:03:01,ceo,Skiftede fane,SCOUTING -> Database
2026-09-03 11:03:03,ceo,Skiftede fane,SCOUTING -> Top10-scouting
2026-09-03 11:03:06,ceo,Skiftede fane,SCOUTING -> Transfers
2026-09-03 11:03:08,ceo,Skiftede fane,SCOUTING -> Database
2026-09-03 11:03:12,ceo,Skiftede fane,SCOUTING -> Emnedatabase
2026-09-03 11:03:55,ceo,Skiftede fane,SCOUTING -> Database
2026-09-03 11:04:01,ceo,Skiftede fane,SCOUTING -> Transfers
2026-09-03 11:04:03,ceo,Skiftede fane,SCOUTING -> Scoutrapport
2026-09-03 11:04:05,ceo,Skiftede fane,TILPASNING -> Spillerdata
2026-09-03 11:04:07,ceo,Skiftede fane,TILPASNING -> Standardsituationer
2026-09-03 11:04:23,ceo,Login,HIF Data Hub
2026-09-03 11:04:25,ceo,Skiftede fane,HVIDOVRE IF -> Forside
2026-09-03 11:04:33,ceo,Skiftede fane,SPILLERANALYSE -> Spilleraktioner
2026-09-03 11:04:35,kasper,Login,HIF Data Hub
2026-09-03 11:04:37,kasper,Skiftede fane,HVIDOVRE IF -> Forside
2026-09-03 11:05:27,ceo,Skiftede fane,SPILLERANALYSE -> Spiller-stats
2026-09-03 11:06:22,ceo,Skiftede fane,SPILLERANALYSE -> Spiller-profil
2026-09-03 11:06:25,ceo,Skiftede fane,HOLDANALYSE -> Modstanderanalyse
2026-09-03 11:06:40,ceo,Skiftede fane,HOLDANALYSE -> Ligaoversigt
2026-09-03 11:07:00,ceo,Skiftede fane,HOLDANALYSE -> Grafer
2026-09-03 11:07:07,ceo,Skiftede fane,HOLDANALYSE -> Afslutninger
2026-09-03 11:08:01,ceo,Skiftede fane,HOLDANALYSE -> Kampudvikling
2026-09-03 11:08:47,ceo,Skiftede fane,SCOUTING -> Scoutrapport
2026-09-03 11:21:30,kasper,Skiftede fane,ADMIN -> System Log
2026-09-03 11:21:33,kasper,Skiftede fane,ADMIN -> Teamradar
2026-09-03 11:27:29,ceo,Skiftede fane,SCOUTING -> Database
2026-09-03 11:41:11,kasper,Skiftede fane,ADMIN -> System Log
2026-09-03 11:41:13,kasper,Skiftede fane,ADMIN -> Teamradar
2026-09-03 11:41:25,kasper,Skiftede fane,HOLDANALYSE -> Modstanderanalyse
2026-09-03 11:41:36,kasper,Login,HIF Data Hub
2026-09-03 11:41:38,kasper,Skiftede fane,HVIDOVRE IF -> Forside
2026-09-03 11:41:49,kasper,Skiftede fane,ADMIN -> System Log
2026-09-03 11:41:51,kasper,Skiftede fane,ADMIN -> Teamradar
2026-09-03 11:43:15,kasper,Login,HIF Data Hub
2026-09-03 11:43:17,kasper,Skiftede fane,HVIDOVRE IF -> Forside
2026-09-03 11:49:21,kasper,Skiftede fane,ADMIN -> System Log
2026-09-03 11:50:59,kasper,Skiftede fane,HVIDOVRE IF -> Forside
2026-09-03 11:51:00,kasper,Login,HIF Data Hub
2026-09-03 11:51:19,kasper,Skiftede fane,ADMIN -> System Log
2026-09-03 11:51:43,kasper,Skiftede fane,ADMIN -> Konklusion
2026-09-03 11:51:45,kasper,Skiftede fane,ADMIN -> Teamradar
2026-09-03 12:37:44,kasper,Skiftede fane,HVIDOVRE IF -> Forside
2026-09-03 12:37:46,kasper,Login,HIF Data Hub
2026-09-03 12:38:31,kasper,Skiftede fane,ADMIN -> System Log
2026-09-03 12:38:47,kasper,Skiftede fane,ADMIN -> Teamradar
2026-09-03 12:39:36,kasper,Skiftede fane,TILPASNING -> Spillerdata
2026-09-03 12:39:47,kasper,Skiftede fane,ADMIN -> System Log
2026-09-03 12:40:00,kasper,Skiftede fane,ADMIN -> Teamradar
2026-09-03 12:40:15,kasper,Login,HIF Data Hub
2026-09-03 12:40:17,kasper,Skiftede fane,HVIDOVRE IF -> Forside
2026-09-03 12:40:24,kasper,Skiftede fane,ADMIN -> System Log
2026-09-03 12:40:37,kasper,Skiftede fane,ADMIN -> Teamradar
2026-09-03 12:46:40,kasper,Login,HIF Data Hub
2026-09-03 12:46:42,kasper,Skiftede fane,HVIDOVRE IF -> Forside
2026-09-03 12:47:03,kasper,Skiftede fane,ADMIN -> System Log
2026-09-03 12:47:11,kasper,Skiftede fane,ADMIN -> Teamradar
2026-09-03 12:52:27,kasper,Skiftede fane,HVIDOVRE IF -> Forside
2026-09-03 12:52:29,kasper,Login,HIF Data Hub
2026-09-03 12:52:49,kasper,Skiftede fane,ADMIN -> System Log
2026-09-03 12:52:56,kasper,Skiftede fane,ADMIN -> Teamradar
2026-09-03 18:14:01,kasper,Skiftede fane,HVIDOVRE IF -> Forside
2026-09-03 18:14:03,kasper,Login,HIF Data Hub
2026-09-03 18:14:33,kasper,Skiftede fane,ADMIN -> System Log
2026-09-03 18:14:38,kasper,Skiftede fane,ADMIN -> Teamradar
2026-09-03 19:15:26,kasper,Login,HIF Data Hub
2026-09-03 19:15:28,kasper,Skiftede fane,HVIDOVRE IF -> Forside
2026-09-03 19:15:44,kasper,Skiftede fane,ADMIN -> System Log
2026-09-03 19:15:49,kasper,Skiftede fane,ADMIN -> Teamradar
2026-09-03 19:50:06,kasper,Skiftede fane,HVIDOVRE IF -> Forside
2026-09-03 19:50:07,kasper,Login,HIF Data Hub
2026-09-03 19:50:29,kasper,Skiftede fane,ADMIN -> System Log
2026-09-03 19:50:35,kasper,Skiftede fane,ADMIN -> Teamradar
2026-09-03 20:30:24,kasper,Login,HIF Data Hub
2026-09-03 20:30:26,kasper,Skiftede fane,HVIDOVRE IF -> Forside
2026-09-03 20:30:37,kasper,Skiftede fane,ADMIN -> System Log
2026-09-03 20:30:39,kasper,Skiftede fane,ADMIN -> Teamradar
2026-09-04 07:08:32,kasper,Login,HIF Data Hub
2026-09-04 07:08:34,kasper,Skiftede fane,HVIDOVRE IF -> Forside
2026-09-04 07:09:29,kasper,Skiftede fane,HOLDANALYSE -> Modstanderanalyse
2026-09-04 07:09:50,kasper,Skiftede fane,HOLDANALYSE -> Kampoversigt
2026-09-04 07:19:17,kasper,Skiftede fane,HOLDANALYSE -> Afslutninger
2026-09-04 07:44:02,kasper,Skiftede fane,HOLDANALYSE -> Modstanderanalyse
2026-09-04 07:45:43,kasper,Skiftede fane,HVIDOVRE IF -> Forside
2026-09-04 07:45:44,kasper,Login,HIF Data Hub
2026-09-04 07:47:24,kasper,Skiftede fane,HOLDANALYSE -> Modstanderanalyse
2026-09-04 07:47:33,kasper,Skiftede fane,HOLDANALYSE -> Ligaoversigt
2026-09-04 07:47:44,kasper,Skiftede fane,HOLDANALYSE -> Kampoversigt
2026-09-04 07:47:54,kasper,Skiftede fane,HOLDANALYSE -> Målsekvenser
2026-09-04 07:47:57,kasper,Skiftede fane,HOLDANALYSE -> Grafer
2026-09-04 07:49:02,kasper,Skiftede fane,HOLDANALYSE -> Kampoversigt
2026-09-04 07:49:15,kasper,Skiftede fane,HOLDANALYSE -> Modstanderanalyse
2026-09-04 08:07:24,kasper,Skiftede fane,SPILLERANALYSE -> Spilleraktioner
2026-09-04 08:07:49,kasper,Login,HIF Data Hub
2026-09-04 08:07:51,kasper,Skiftede fane,HVIDOVRE IF -> Forside
2026-09-04 08:08:33,kasper,Skiftede fane,TESTSIDE -> Performance
2026-09-04 08:09:33,kasper,Skiftede fane,TESTSIDE -> Winning Performance
2026-09-04 08:10:46,kasper,Skiftede fane,TILPASNING -> Spillerdata
2026-09-04 08:10:54,kasper,Login,HIF Data Hub
2026-09-04 08:10:56,kasper,Skiftede fane,HVIDOVRE IF -> Forside
2026-09-04 08:11:09,kasper,Skiftede fane,TESTSIDE -> Performance
2026-09-04 08:11:20,kasper,Skiftede fane,TESTSIDE -> Winning Performance
2026-09-04 08:18:58,kasper,Skiftede fane,TESTSIDE -> Charts
2026-09-04 08:19:08,kasper,Skiftede fane,TILPASNING -> Spillerdata
2026-09-04 08:19:16,kasper,Skiftede fane,TILPASNING -> Standardsituationer
2026-09-04 20:59:05,kasper,Login,HIF Data Hub
2026-09-04 20:59:07,kasper,Skiftede fane,HVIDOVRE IF -> Forside
2026-09-04 21:00:29,kasper,Login,HIF Data Hub
2026-09-04 21:00:31,kasper,Skiftede fane,HVIDOVRE IF -> Forside
2026-09-04 21:01:03,kasper,Skiftede fane,HOLDANALYSE -> Modstanderanalyse
2026-09-04 21:01:07,kasper,Skiftede fane,HOLDANALYSE -> Kampoversigt
2026-09-04 21:04:55,kasper,Skiftede fane,HOLDANALYSE -> Afslutninger
2026-09-04 21:07:05,kasper,Skiftede fane,HOLDANALYSE -> Målsekvenser
2026-09-04 21:08:26,kasper,Skiftede fane,ADMIN -> System Log
2026-09-04 21:08:29,kasper,Skiftede fane,ADMIN -> Teamradar
2026-09-06 19:57:01,ceo,Login,HIF Data Hub
2026-09-06 19:57:02,ceo,Skiftede fane,HVIDOVRE IF -> Forside
2026-09-06 19:57:23,ceo,Skiftede fane,SCOUTING -> Scoutrapport
2026-09-06 19:58:03,ceo,Skiftede fane,SCOUTING -> Database
2026-09-06 19:58:19,ceo,Skiftede fane,SCOUTING -> Scoutrapport
2026-09-06 19:58:21,ceo,Skiftede fane,SCOUTING -> Top10-scouting
2026-09-07 18:03:55,kasper,Skiftede fane,HVIDOVRE IF -> Forside
2026-09-07 18:03:56,kasper,Login,HIF Data Hub
2026-09-07 18:05:32,kasper,Skiftede fane,HOLDANALYSE -> Modstanderanalyse
2026-09-07 18:06:38,kasper,Skiftede fane,HOLDANALYSE -> Kampoversigt
2026-09-07 18:31:42,ceo,Login,HIF Data Hub
2026-09-07 18:31:43,ceo,Skiftede fane,HVIDOVRE IF -> Forside
2026-09-07 18:31:54,ceo,Skiftede fane,HOLDANALYSE -> Modstanderanalyse
2026-09-07 18:42:33,kasper,Login,HIF Data Hub
2026-09-07 18:42:35,kasper,Skiftede fane,HVIDOVRE IF -> Forside
2026-09-07 18:42:41,kasper,Skiftede fane,HOLDANALYSE -> Modstanderanalyse
2026-09-07 18:43:13,ceo,Login,HIF Data Hub
2026-09-07 18:43:15,ceo,Skiftede fane,SPILLERANALYSE -> Spilleraktioner
2026-09-07 18:43:16,ceo,Skiftede fane,HVIDOVRE IF -> Forside
2026-09-07 18:43:22,ceo,Skiftede fane,HOLDANALYSE -> Modstanderanalyse
2026-09-07 18:43:26,ceo,Skiftede fane,HVIDOVRE IF -> Forside
2026-09-07 18:44:03,kasper,Skiftede fane,ADMIN -> System Log
2026-09-07 18:44:14,ceo,Skiftede fane,HOLDANALYSE -> Modstanderanalyse
2026-09-07 18:48:52,kasper,Skiftede fane,HOLDANALYSE -> Modstanderanalyse
2026-09-07 18:49:15,ceo,Skiftede fane,SPILLERANALYSE -> Spilleraktioner
2026-09-07 18:49:19,ceo,Skiftede fane,SPILLERANALYSE -> Spilleroversigt
2026-09-07 18:49:21,ceo,Skiftede fane,SPILLERANALYSE -> Spiller-stats
2026-09-07 18:49:24,ceo,Skiftede fane,SPILLERANALYSE -> Spiller-profil
2026-09-07 18:51:04,ceo,Skiftede fane,HOLDANALYSE -> Modstanderanalyse
2026-09-07 19:35:49,ceo,Skiftede fane,HOLDANALYSE -> Afslutninger
2026-09-07 19:37:02,ceo,Login,HIF Data Hub
2026-09-07 19:37:03,ceo,Skiftede fane,HVIDOVRE IF -> Forside
2026-09-07 19:37:06,ceo,Skiftede fane,HOLDANALYSE -> Modstanderanalyse
2026-09-07 19:37:12,ceo,Skiftede fane,HOLDANALYSE -> Afslutninger
2026-09-07 19:38:45,kasper,Skiftede fane,HVIDOVRE IF -> Forside
2026-09-07 19:38:47,kasper,Login,HIF Data Hub
2026-09-07 19:38:54,kasper,Login,HIF Data Hub
2026-09-07 19:38:56,kasper,Skiftede fane,HVIDOVRE IF -> Forside
2026-09-07 19:38:59,kasper,Skiftede fane,HOLDANALYSE -> Modstanderanalyse
2026-09-07 19:39:02,kasper,Skiftede fane,HOLDANALYSE -> Afslutninger
2026-09-07 19:41:08,ceo,Login,HIF Data Hub
2026-09-07 19:41:10,ceo,Skiftede fane,HVIDOVRE IF -> Forside
2026-09-07 19:41:11,ceo,Skiftede fane,HOLDANALYSE -> Modstanderanalyse
2026-09-07 19:41:13,ceo,Skiftede fane,SPILLERANALYSE -> Spilleraktioner
2026-09-07 19:41:14,ceo,Skiftede fane,HOLDANALYSE -> Afslutninger
2026-09-07 19:44:08,ceo,Skiftede fane,HOLDANALYSE -> Grafer
2026-09-07 19:44:10,ceo,Skiftede fane,HOLDANALYSE -> Målsekvenser
2026-09-07 19:44:18,ceo,Skiftede fane,HOLDANALYSE -> Afslutninger
2026-09-07 19:45:13,ceo,Skiftede fane,HOLDANALYSE -> Kampudvikling
2026-09-07 19:45:51,ceo,Skiftede fane,HOLDANALYSE -> Kampoversigt
2026-09-07 19:45:54,ceo,Skiftede fane,HOLDANALYSE -> Ligaoversigt
2026-09-07 19:45:56,ceo,Skiftede fane,HOLDANALYSE -> Kampoversigt
2026-09-07 19:47:49,ceo,Skiftede fane,FYSISK DATA -> Fysisk data
2026-09-07 19:47:51,ceo,Skiftede fane,SCOUTING -> Scoutrapport
2026-09-07 19:47:53,ceo,Skiftede fane,FYSISK DATA -> Fysisk data
2026-09-07 19:47:56,ceo,Skiftede fane,SCOUTING -> Scoutrapport
2026-09-07 19:48:01,ceo,Skiftede fane,TILPASNING -> Spillerdata
2026-09-07 19:48:04,ceo,Skiftede fane,TILPASNING -> Standardsituationer
2026-09-08 07:13:31,ceo,Login,HIF Data Hub
2026-09-08 07:13:32,ceo,Skiftede fane,HVIDOVRE IF -> Forside
2026-09-08 07:13:35,ceo,Skiftede fane,FYSISK DATA -> Fysisk data
2026-09-08 07:13:36,ceo,Skiftede fane,SCOUTING -> Scoutrapport
2026-09-08 07:13:38,ceo,Skiftede fane,SCOUTING -> Emnedatabase
2026-09-08 07:13:47,ceo,Skiftede fane,SCOUTING -> Scoutrapport
2026-09-08 07:15:19,ceo,Skiftede fane,SCOUTING -> Database
2026-09-08 07:38:02,ceo,Skiftede fane,TILPASNING -> Spillerdata
2026-09-08 07:38:04,ceo,Skiftede fane,TILPASNING -> Standardsituationer
2026-09-08 10:28:56,ceo,Skiftede fane,HVIDOVRE IF -> Forside
2026-09-08 10:28:58,ceo,Login,HIF Data Hub
2026-09-08 10:29:14,ceo,Skiftede fane,HOLDANALYSE -> Modstanderanalyse
2026-09-08 10:29:20,ceo,Skiftede fane,HOLDANALYSE -> Afslutninger
2026-09-08 10:29:35,ceo,Skiftede fane,SPILLERANALYSE -> Spilleraktioner
2026-09-08 10:40:04,ceo,Skiftede fane,SPILLERANALYSE -> Spiller-stats
2026-09-08 12:05:34,ceo,Login,HIF Data Hub
2026-09-08 12:05:36,ceo,Skiftede fane,HVIDOVRE IF -> Forside
2026-09-08 12:05:57,ceo,Skiftede fane,HOLDANALYSE -> Modstanderanalyse
2026-09-08 12:07:37,ceo,Skiftede fane,HOLDANALYSE -> Målsekvenser
2026-09-08 12:07:39,ceo,Skiftede fane,HOLDANALYSE -> Afslutninger
2026-09-08 12:08:15,ceo,Skiftede fane,HOLDANALYSE -> Kampudvikling
2026-09-08 12:08:16,ceo,Skiftede fane,HOLDANALYSE -> Målsekvenser
2026-09-08 12:08:26,ceo,Skiftede fane,FYSISK DATA -> Fysisk data
2026-09-08 12:08:34,ceo,Skiftede fane,SCOUTING -> Scoutrapport
2026-09-08 12:22:46,ceo,Login,HIF Data Hub
2026-09-08 12:22:48,ceo,Skiftede fane,HVIDOVRE IF -> Forside
2026-09-08 12:23:16,ceo,Skiftede fane,HOLDANALYSE -> Modstanderanalyse
2026-09-08 12:23:19,ceo,Skiftede fane,HOLDANALYSE -> Ligaoversigt
2026-09-08 12:23:31,ceo,Skiftede fane,SPILLERANALYSE -> Spilleraktioner
2026-09-08 12:23:36,ceo,Skiftede fane,HOLDANALYSE -> Ligaoversigt
2026-09-08 12:23:49,ceo,Skiftede fane,HOLDANALYSE -> Kampoversigt
2026-09-08 12:23:51,ceo,Skiftede fane,HOLDANALYSE -> Kampudvikling
2026-09-08 12:23:53,ceo,Skiftede fane,HOLDANALYSE -> Afslutninger
2026-09-08 12:23:57,ceo,Skiftede fane,HOLDANALYSE -> Målsekvenser
2026-09-08 12:35:06,ceo,Skiftede fane,SPILLERANALYSE -> Spilleraktioner
2026-09-08 14:11:12,ceo,Skiftede fane,HVIDOVRE IF -> Forside
2026-09-08 14:11:14,ceo,Login,HIF Data Hub
2026-09-08 14:11:36,ceo,Skiftede fane,HOLDANALYSE -> Modstanderanalyse
2026-09-08 14:11:44,ceo,Skiftede fane,HOLDANALYSE -> Ligaoversigt
2026-09-08 14:11:48,ceo,Skiftede fane,HOLDANALYSE -> Modstanderanalyse
2026-09-08 14:11:52,ceo,Skiftede fane,SPILLERANALYSE -> Spilleraktioner
2026-09-08 14:11:56,ceo,Skiftede fane,SPILLERANALYSE -> Spiller-stats
2026-09-08 14:12:39,ceo,Skiftede fane,SPILLERANALYSE -> Spiller-profil
2026-09-08 14:13:14,ceo,Skiftede fane,HOLDANALYSE -> Modstanderanalyse
2026-09-08 14:13:18,ceo,Skiftede fane,HOLDANALYSE -> Afslutninger
2026-09-08 14:13:23,ceo,Skiftede fane,SPILLERANALYSE -> Spiller-profil
2026-09-08 14:13:25,ceo,Skiftede fane,SPILLERANALYSE -> Spiller-stats
2026-09-08 14:14:08,ceo,Skiftede fane,SPILLERANALYSE -> Spiller-profil
2026-09-08 14:14:14,ceo,Skiftede fane,FYSISK DATA -> Fysisk data
2026-09-08 18:54:05,ceo,Skiftede fane,HVIDOVRE IF -> Forside
2026-09-08 18:54:07,ceo,Login,HIF Data Hub
2026-09-08 18:54:19,ceo,Skiftede fane,SCOUTING -> Scoutrapport
2026-09-09 14:33:59,mn,Skiftede fane,HVIDOVRE IF -> Forside
2026-09-09 14:34:01,mn,Login,HIF Data Hub
2026-09-09 14:34:07,mn,Skiftede fane,SCOUTING -> Scoutrapport
2026-09-09 14:34:15,mn,Skiftede fane,SCOUTING -> Database
2026-09-09 14:35:37,mn,Skiftede fane,SCOUTING -> Emnedatabase
2026-09-09 14:36:25,mn,Login,HIF Data Hub
2026-09-09 14:36:27,mn,Skiftede fane,HVIDOVRE IF -> Forside
2026-09-09 14:36:29,mn,Skiftede fane,SCOUTING -> Scoutrapport
2026-09-09 14:36:38,mn,Skiftede fane,SCOUTING -> Top10-scouting
2026-09-09 14:38:07,mn,Skiftede fane,SCOUTING -> Transfers
2026-09-09 14:38:14,mn,Skiftede fane,SCOUTING -> Emnedatabase
2026-09-09 14:38:26,mn,Skiftede fane,SCOUTING -> Database
2026-09-09 14:39:03,mn,Skiftede fane,SCOUTING -> Scoutrapport
2026-09-09 14:46:44,mn,Skiftede fane,SCOUTING -> Database
2026-09-09 14:48:27,mn,Skiftede fane,SCOUTING -> Scoutrapport
2026-09-09 14:48:46,mn,Skiftede fane,SCOUTING -> Database
2026-09-09 19:58:50,ceo,Skiftede fane,HVIDOVRE IF -> Forside
2026-09-09 19:58:52,ceo,Login,HIF Data Hub
2026-09-09 19:58:54,ceo,Skiftede fane,HOLDANALYSE -> Modstanderanalyse
2026-09-09 19:59:00,ceo,Skiftede fane,HOLDANALYSE -> Kampoversigt
2026-09-10 05:06:47,ceo,Login,HIF Data Hub
2026-09-10 05:06:48,ceo,Skiftede fane,HVIDOVRE IF -> Forside
2026-09-10 05:11:44,ceo,Skiftede fane,HOLDANALYSE -> Modstanderanalyse
2026-09-10 05:14:44,ceo,Skiftede fane,HVIDOVRE IF -> Forside
2026-09-10 05:14:45,ceo,Login,HIF Data Hub
2026-09-10 05:14:51,ceo,Skiftede fane,HOLDANALYSE -> Modstanderanalyse
2026-09-10 05:16:39,ceo,Skiftede fane,HOLDANALYSE -> Afslutninger
2026-09-10 05:20:43,ceo,Skiftede fane,HOLDANALYSE -> Kampoversigt
2026-09-10 05:20:45,ceo,Skiftede fane,HOLDANALYSE -> Kampudvikling
2026-09-10 05:21:36,ceo,Skiftede fane,SPILLERANALYSE -> Spilleraktioner
2026-09-10 05:24:38,ceo,Skiftede fane,SPILLERANALYSE -> Spiller-stats
2026-09-10 05:25:27,ceo,Skiftede fane,SPILLERANALYSE -> Spilleroversigt
2026-09-10 05:25:29,ceo,Skiftede fane,TILPASNING -> Spillerdata
2026-09-10 05:25:31,ceo,Skiftede fane,TILPASNING -> Standardsituationer
2026-09-10 05:26:10,ceo,Skiftede fane,TILPASNING -> Spiller-score
2026-09-10 05:26:11,ceo,Skiftede fane,TILPASNING -> Standardsituationer
2026-09-10 18:38:38,ceo,Skiftede fane,HVIDOVRE IF -> Forside
2026-09-10 18:38:40,ceo,Login,HIF Data Hub
2026-09-10 18:38:42,ceo,Skiftede fane,HOLDANALYSE -> Modstanderanalyse
2026-09-10 18:38:44,ceo,Skiftede fane,HOLDANALYSE -> Kampoversigt
2026-09-10 18:38:52,ceo,Skiftede fane,HOLDANALYSE -> Kampudvikling
2026-09-10 18:42:19,ceo,Skiftede fane,HVIDOVRE IF -> Forside
2026-09-10 18:42:21,ceo,Login,HIF Data Hub
2026-09-10 18:42:26,ceo,Skiftede fane,SCOUTING -> Scoutrapport
2026-09-10 18:42:41,ceo,Skiftede fane,SCOUTING -> Sammenligning
2026-09-10 18:44:00,ceo,Skiftede fane,SCOUTING -> Database
2026-09-10 18:44:30,ceo,Skiftede fane,SCOUTING -> Emnedatabase
2026-09-10 18:46:51,ceo,Skiftede fane,SCOUTING -> Database
2026-09-10 18:46:54,ceo,Skiftede fane,SCOUTING -> Scoutrapport
2026-09-10 18:47:45,ceo,Skiftede fane,SCOUTING -> Database
2026-09-10 18:47:48,ceo,Skiftede fane,SCOUTING -> Emnedatabase
2026-09-10 18:48:16,ceo,Skiftede fane,SCOUTING -> Database
2026-09-10 18:48:42,kasper,Skiftede fane,HVIDOVRE IF -> Forside
2026-09-10 18:48:44,kasper,Login,HIF Data Hub
2026-09-10 18:48:50,kasper,Skiftede fane,SCOUTING -> Scoutrapport
2026-09-10 18:48:55,ceo,Skiftede fane,SCOUTING -> Emnedatabase
2026-09-10 18:48:57,kasper,Skiftede fane,SCOUTING -> Database
2026-09-10 18:48:59,kasper,Skiftede fane,SCOUTING -> Emnedatabase
2026-09-10 18:49:19,ceo,Skiftede fane,SCOUTING -> Database
2026-09-10 18:49:31,ceo,Skiftede fane,SCOUTING -> Emnedatabase
2026-09-10 18:50:01,ceo,Skiftede fane,SCOUTING -> Database
2026-09-10 18:50:16,kasper,Skiftede fane,HVIDOVRE IF -> Forside
2026-09-10 18:50:18,kasper,Login,HIF Data Hub
2026-09-10 18:50:22,kasper,Skiftede fane,SCOUTING -> Scoutrapport
2026-09-10 18:50:43,kasper,Skiftede fane,SCOUTING -> Emnedatabase
2026-09-10 18:51:22,kasper,Skiftede fane,SCOUTING -> Database
2026-09-10 18:51:35,ceo,Skiftede fane,SCOUTING -> Emnedatabase
2026-09-10 18:51:51,ceo,Skiftede fane,SCOUTING -> Database
2026-09-10 18:52:11,kasper,Skiftede fane,SCOUTING -> Emnedatabase
2026-09-10 18:52:46,kasper,Skiftede fane,HVIDOVRE IF -> Forside
2026-09-10 18:52:47,kasper,Login,HIF Data Hub
2026-09-10 18:52:55,kasper,Skiftede fane,SCOUTING -> Scoutrapport
2026-09-10 18:53:06,kasper,Skiftede fane,SCOUTING -> Emnedatabase
2026-09-10 18:53:16,ceo,Skiftede fane,SCOUTING -> Sammenligning
2026-09-10 18:53:18,ceo,Skiftede fane,SCOUTING -> Emnedatabase
2026-09-10 18:53:20,ceo,Skiftede fane,SCOUTING -> Database
2026-09-10 18:53:54,ceo,Login,HIF Data Hub
2026-09-10 18:53:56,ceo,Skiftede fane,HVIDOVRE IF -> Forside
2026-09-10 18:53:58,ceo,Skiftede fane,SCOUTING -> Scoutrapport
2026-09-10 18:54:04,ceo,Skiftede fane,SCOUTING -> Emnedatabase
2026-09-10 18:56:05,kasper,Skiftede fane,HVIDOVRE IF -> Forside
2026-09-10 18:56:07,kasper,Login,HIF Data Hub
2026-09-10 18:56:12,kasper,Skiftede fane,SCOUTING -> Scoutrapport
2026-09-10 18:56:18,kasper,Skiftede fane,SCOUTING -> Sammenligning
2026-09-10 18:56:20,kasper,Skiftede fane,SCOUTING -> Emnedatabase
2026-09-10 18:56:34,ceo,Skiftede fane,SCOUTING -> Scoutrapport
2026-09-10 18:56:37,ceo,Skiftede fane,SCOUTING -> Database
2026-09-10 18:56:38,ceo,Skiftede fane,SCOUTING -> Emnedatabase
2026-09-10 18:56:54,ceo,Login,HIF Data Hub
2026-09-10 18:56:56,ceo,Skiftede fane,HVIDOVRE IF -> Forside
2026-09-10 18:56:59,ceo,Skiftede fane,SCOUTING -> Scoutrapport
2026-09-10 18:57:04,ceo,Skiftede fane,SCOUTING -> Database
2026-09-10 18:57:10,ceo,Skiftede fane,SCOUTING -> Emnedatabase
2026-09-10 18:58:19,kasper,Skiftede fane,HVIDOVRE IF -> Forside
2026-09-10 18:58:21,ceo,Skiftede fane,HVIDOVRE IF -> Forside
2026-09-10 18:58:23,ceo,Login,HIF Data Hub
2026-09-10 18:58:24,ceo,Skiftede fane,SCOUTING -> Scoutrapport
2026-09-10 18:58:26,kasper,Login,HIF Data Hub
2026-09-10 18:58:28,ceo,Skiftede fane,SCOUTING -> Emnedatabase
2026-09-10 18:58:30,kasper,Skiftede fane,SCOUTING -> Emnedatabase
2026-09-10 18:59:02,kasper,Skiftede fane,HVIDOVRE IF -> Forside
2026-09-10 18:59:04,kasper,Login,HIF Data Hub
2026-09-10 18:59:05,kasper,Skiftede fane,SCOUTING -> Scoutrapport
2026-09-10 18:59:08,ceo,Skiftede fane,SCOUTING -> Top10-scouting
2026-09-10 18:59:10,kasper,Skiftede fane,SCOUTING -> Emnedatabase
2026-09-10 18:59:18,ceo,Skiftede fane,SCOUTING -> Transfers
2026-09-10 18:59:37,ceo,Skiftede fane,SCOUTING -> Database
2026-09-10 19:00:30,kasper,Skiftede fane,TILPASNING -> Spillerdata
2026-09-10 19:00:33,kasper,Skiftede fane,SCOUTING -> Emnedatabase
2026-09-10 19:00:46,kasper,Login,HIF Data Hub
2026-09-10 19:00:47,kasper,Skiftede fane,HVIDOVRE IF -> Forside
2026-09-10 19:00:53,kasper,Skiftede fane,SCOUTING -> Scoutrapport
2026-09-10 19:00:59,kasper,Skiftede fane,SCOUTING -> Emnedatabase
2026-09-10 19:01:22,ceo,Skiftede fane,SCOUTING -> Scoutrapport
2026-09-10 19:01:55,ceo,Skiftede fane,SCOUTING -> Database
2026-09-10 19:02:34,kasper,Skiftede fane,HVIDOVRE IF -> Forside
2026-09-10 19:02:36,kasper,Login,HIF Data Hub
2026-09-10 19:02:38,kasper,Skiftede fane,SCOUTING -> Scoutrapport
2026-09-10 19:02:40,kasper,Skiftede fane,SCOUTING -> Emnedatabase
2026-09-10 19:03:09,kasper,Login,HIF Data Hub
2026-09-10 19:03:10,kasper,Skiftede fane,HVIDOVRE IF -> Forside
2026-09-10 19:03:14,ceo,Skiftede fane,SCOUTING -> Scoutrapport
2026-09-10 19:03:16,kasper,Skiftede fane,SCOUTING -> Scoutrapport
2026-09-10 19:03:18,kasper,Skiftede fane,SCOUTING -> Emnedatabase
2026-09-10 19:04:27,kasper,Skiftede fane,HVIDOVRE IF -> Forside
2026-09-10 19:04:29,kasper,Login,HIF Data Hub
2026-09-10 19:04:31,kasper,Skiftede fane,SCOUTING -> Scoutrapport
2026-09-10 19:04:34,kasper,Skiftede fane,SCOUTING -> Emnedatabase
2026-09-10 19:05:30,kasper,Skiftede fane,HVIDOVRE IF -> Forside
2026-09-10 19:05:32,kasper,Login,HIF Data Hub
2026-09-10 19:05:34,kasper,Skiftede fane,SCOUTING -> Scoutrapport
2026-09-10 19:05:36,kasper,Skiftede fane,SCOUTING -> Emnedatabase
2026-09-10 19:05:59,ceo,Skiftede fane,SCOUTING -> Database
2026-09-10 19:06:09,ceo,Skiftede fane,SCOUTING -> Emnedatabase
2026-09-10 19:06:20,ceo,Skiftede fane,SCOUTING -> Database
2026-09-10 19:06:39,ceo,Skiftede fane,SCOUTING -> Emnedatabase
2026-09-10 19:07:44,ceo,Skiftede fane,HVIDOVRE IF -> Forside
2026-09-10 19:07:46,ceo,Login,HIF Data Hub
2026-09-10 19:08:08,ceo,Skiftede fane,HOLDANALYSE -> Modstanderanalyse
2026-09-10 19:08:16,ceo,Skiftede fane,HOLDANALYSE -> Kampudvikling
2026-09-10 19:08:26,ceo,Skiftede fane,HOLDANALYSE -> Ligaoversigt
2026-09-10 19:08:56,ceo,Skiftede fane,HOLDANALYSE -> Afslutninger
2026-09-10 19:09:02,ceo,Skiftede fane,HOLDANALYSE -> Målsekvenser
2026-09-10 19:09:06,ceo,Skiftede fane,SCOUTING -> Scoutrapport
2026-09-10 19:15:07,kasper,Skiftede fane,ADMIN -> System Log
2026-09-10 19:15:47,ceo,Skiftede fane,SCOUTING -> Top10-scouting
2026-09-10 19:16:03,ceo,Skiftede fane,SCOUTING -> Database
2026-09-10 19:16:15,ceo,Skiftede fane,SCOUTING -> Scoutrapport
2026-09-10 19:16:17,kasper,Skiftede fane,SCOUTING -> Scoutrapport
2026-09-10 19:16:19,kasper,Skiftede fane,SCOUTING -> Database
2026-09-10 19:16:21,ceo,Skiftede fane,SCOUTING -> Database
2026-09-10 19:16:23,kasper,Skiftede fane,SCOUTING -> Emnedatabase
2026-09-10 19:16:25,ceo,Skiftede fane,SCOUTING -> Emnedatabase
2026-09-10 19:17:20,kasper,Skiftede fane,ADMIN -> System Log
2026-09-10 19:17:21,ceo,Skiftede fane,FYSISK DATA -> Fysisk data
2026-09-10 19:17:23,ceo,Skiftede fane,SCOUTING -> Scoutrapport
2026-09-10 19:17:28,ceo,Skiftede fane,SCOUTING -> Database
2026-09-10 19:17:35,ceo,Skiftede fane,SCOUTING -> Emnedatabase
2026-09-10 19:17:58,kasper,Skiftede fane,SCOUTING -> Scoutrapport
2026-09-10 19:18:08,ceo,Skiftede fane,SCOUTING -> Database
2026-09-10 19:18:26,ceo,Skiftede fane,SCOUTING -> Transfers
2026-09-10 19:18:27,ceo,Skiftede fane,SCOUTING -> Sammenligning
2026-09-10 19:18:40,kasper,Skiftede fane,SCOUTING -> Sammenligning
2026-09-10 19:18:58,kasper,Skiftede fane,SCOUTING -> Scoutrapport
2026-09-10 19:19:06,kasper,Skiftede fane,TILPASNING -> Spillerdata
2026-09-10 19:19:09,kasper,Skiftede fane,SCOUTING -> Scoutrapport
2026-09-10 19:19:11,kasper,Skiftede fane,SCOUTING -> Sammenligning
2026-09-10 19:23:20,ceo,Skiftede fane,SCOUTING -> Emnedatabase
2026-09-10 19:23:23,ceo,Skiftede fane,SCOUTING -> Sammenligning
2026-09-10 19:23:44,ceo,Skiftede fane,SCOUTING -> Emnedatabase
2026-09-10 19:23:57,ceo,Skiftede fane,SCOUTING -> Database
2026-09-10 19:24:03,ceo,Skiftede fane,SCOUTING -> Sammenligning
2026-09-10 19:24:54,ceo,Skiftede fane,SCOUTING -> Database
2026-09-10 19:25:21,ceo,Skiftede fane,SCOUTING -> Emnedatabase
2026-09-10 19:26:07,ceo,Skiftede fane,HVIDOVRE IF -> Forside
2026-09-10 19:26:08,ceo,Login,HIF Data Hub
2026-09-10 19:26:11,ceo,Skiftede fane,SCOUTING -> Scoutrapport
2026-09-10 19:26:15,ceo,Skiftede fane,SCOUTING -> Database
2026-09-10 19:26:21,ceo,Skiftede fane,SCOUTING -> Emnedatabase
2026-09-10 19:29:10,kasper,Skiftede fane,HVIDOVRE IF -> Forside
2026-09-10 19:29:12,kasper,Login,HIF Data Hub
2026-09-10 19:29:14,kasper,Skiftede fane,SCOUTING -> Scoutrapport
2026-09-10 19:29:16,kasper,Skiftede fane,SCOUTING -> Emnedatabase
2026-09-10 19:29:54,kasper,Skiftede fane,SCOUTING -> Database
2026-09-10 19:30:18,ceo,Login,HIF Data Hub
2026-09-10 19:30:20,ceo,Skiftede fane,HVIDOVRE IF -> Forside
2026-09-10 19:30:23,ceo,Skiftede fane,SCOUTING -> Scoutrapport
2026-09-10 19:30:28,ceo,Skiftede fane,SCOUTING -> Database
2026-09-10 19:30:35,ceo,Skiftede fane,SCOUTING -> Emnedatabase
2026-09-10 19:32:28,kasper,Skiftede fane,HVIDOVRE IF -> Forside
2026-09-10 19:32:30,kasper,Login,HIF Data Hub
2026-09-10 19:32:32,kasper,Skiftede fane,SCOUTING -> Scoutrapport
2026-09-10 19:32:36,kasper,Skiftede fane,SCOUTING -> Emnedatabase
2026-09-10 19:32:45,kasper,Skiftede fane,SCOUTING -> Database
2026-09-10 19:33:24,kasper,Skiftede fane,SCOUTING -> Sammenligning
2026-09-10 19:33:26,kasper,Skiftede fane,SCOUTING -> Emnedatabase
2026-09-10 19:35:46,kasper,Skiftede fane,FYSISK DATA -> Fysisk data
2026-09-10 19:35:48,kasper,Skiftede fane,SCOUTING -> Emnedatabase
2026-09-10 19:35:59,kasper,Skiftede fane,HVIDOVRE IF -> Forside
2026-09-10 19:36:00,kasper,Login,HIF Data Hub
2026-09-10 19:36:03,kasper,Skiftede fane,SCOUTING -> Scoutrapport
2026-09-10 19:36:06,kasper,Skiftede fane,SCOUTING -> Emnedatabase
2026-09-10 19:36:08,ceo,Login,HIF Data Hub
2026-09-10 19:36:10,ceo,Skiftede fane,SCOUTING -> Scoutrapport
2026-09-10 19:36:13,ceo,Skiftede fane,SCOUTING -> Database
2026-09-10 19:36:15,ceo,Skiftede fane,SCOUTING -> Emnedatabase
2026-09-10 19:37:57,ceo,Skiftede fane,HVIDOVRE IF -> Forside
2026-09-10 19:37:59,ceo,Skiftede fane,SCOUTING -> Scoutrapport
2026-09-10 19:38:01,ceo,Login,HIF Data Hub
2026-09-10 19:38:59,ceo,Skiftede fane,HVIDOVRE IF -> Forside
2026-09-10 19:39:01,ceo,Login,HIF Data Hub
2026-09-10 19:39:03,ceo,Skiftede fane,SCOUTING -> Scoutrapport
2026-09-10 19:39:06,ceo,Skiftede fane,TILPASNING -> Spillerdata
2026-09-10 19:39:08,ceo,Skiftede fane,SCOUTING -> Database
2026-09-10 19:39:15,ceo,Skiftede fane,SCOUTING -> Emnedatabase
2026-09-10 19:39:16,kasper,Login,HIF Data Hub
2026-09-10 19:39:18,ceo,Skiftede fane,SCOUTING -> Scoutrapport
2026-09-10 19:39:21,kasper,Skiftede fane,HVIDOVRE IF -> Forside
2026-09-10 19:39:25,kasper,Skiftede fane,SCOUTING -> Scoutrapport
2026-09-10 19:39:38,ceo,Skiftede fane,SCOUTING -> Database
2026-09-10 19:41:52,ceo,Skiftede fane,SCOUTING -> Emnedatabase
2026-09-10 19:43:54,kasper,Login,HIF Data Hub
2026-09-10 19:43:56,kasper,Skiftede fane,HVIDOVRE IF -> Forside
2026-09-10 19:44:01,kasper,Skiftede fane,SCOUTING -> Scoutrapport
2026-09-10 19:44:04,kasper,Skiftede fane,SCOUTING -> Emnedatabase
2026-09-10 19:44:17,ceo,Login,HIF Data Hub
2026-09-10 19:44:19,ceo,Skiftede fane,HVIDOVRE IF -> Forside
2026-09-10 19:44:21,ceo,Skiftede fane,SCOUTING -> Scoutrapport
2026-09-10 19:44:23,kasper,Login,HIF Data Hub
2026-09-10 19:44:26,kasper,Skiftede fane,HVIDOVRE IF -> Forside
2026-09-10 19:44:27,kasper,Skiftede fane,SCOUTING -> Scoutrapport
2026-09-10 19:44:29,ceo,Skiftede fane,SCOUTING -> Emnedatabase
2026-09-10 19:44:31,ceo,Skiftede fane,SCOUTING -> Database
2026-09-10 19:44:33,kasper,Skiftede fane,SCOUTING -> Emnedatabase
2026-09-10 19:45:19,kasper,Skiftede fane,HVIDOVRE IF -> Forside
2026-09-10 19:45:21,kasper,Login,HIF Data Hub
2026-09-10 19:45:29,kasper,Skiftede fane,SCOUTING -> Scoutrapport
2026-09-10 19:45:32,kasper,Skiftede fane,SCOUTING -> Database
2026-09-10 19:45:50,kasper,Skiftede fane,SCOUTING -> Emnedatabase
2026-09-10 19:46:19,ceo,Login,HIF Data Hub
2026-09-10 19:46:21,ceo,Skiftede fane,HVIDOVRE IF -> Forside
2026-09-10 19:46:23,ceo,Skiftede fane,SCOUTING -> Scoutrapport
2026-09-10 19:46:25,ceo,Skiftede fane,SCOUTING -> Database
2026-09-10 19:46:37,ceo,Skiftede fane,SCOUTING -> Emnedatabase
2026-09-10 19:48:31,ceo,Login,HIF Data Hub
2026-09-10 19:48:33,ceo,Skiftede fane,HVIDOVRE IF -> Forside
2026-09-10 19:49:06,ceo,Skiftede fane,HOLDANALYSE -> Modstanderanalyse
2026-09-10 19:49:36,ceo,Skiftede fane,SCOUTING -> Scoutrapport
2026-09-10 19:49:40,ceo,Skiftede fane,SCOUTING -> Database
2026-09-10 19:49:42,ceo,Skiftede fane,SCOUTING -> Top10-scouting
2026-09-10 19:49:44,ceo,Skiftede fane,SCOUTING -> Transfers
2026-09-10 19:49:50,ceo,Skiftede fane,SCOUTING -> Database
2026-09-10 19:50:59,ceo,Skiftede fane,SCOUTING -> Scoutrapport
2026-09-10 19:51:01,ceo,Skiftede fane,SCOUTING -> Database
2026-09-10 20:08:05,kasper,Login,HIF Data Hub
2026-09-10 20:08:07,kasper,Skiftede fane,HVIDOVRE IF -> Forside
2026-09-10 20:08:10,kasper,Skiftede fane,SCOUTING -> Scoutrapport
2026-09-10 20:08:20,kasper,Skiftede fane,SCOUTING -> Database
2026-09-10 20:08:29,kasper,Skiftede fane,SCOUTING -> Emnedatabase
2026-09-10 20:10:52,kasper,Login,HIF Data Hub
2026-09-10 20:10:54,kasper,Skiftede fane,HVIDOVRE IF -> Forside
2026-09-10 20:11:12,kasper,Skiftede fane,SCOUTING -> Scoutrapport
2026-09-10 20:11:16,kasper,Skiftede fane,SCOUTING -> Emnedatabase
2026-09-10 20:17:44,kasper,Login,HIF Data Hub
2026-09-10 20:17:46,kasper,Skiftede fane,HVIDOVRE IF -> Forside
2026-09-10 20:17:59,kasper,Skiftede fane,SCOUTING -> Scoutrapport
2026-09-10 20:18:08,kasper,Skiftede fane,SCOUTING -> Emnedatabase
2026-09-10 20:19:27,kasper,Login,HIF Data Hub
2026-09-10 20:19:28,kasper,Skiftede fane,HVIDOVRE IF -> Forside
2026-09-10 20:19:32,kasper,Skiftede fane,SCOUTING -> Scoutrapport
2026-09-10 20:19:38,kasper,Skiftede fane,SCOUTING -> Emnedatabase
2026-09-10 20:34:44,kasper,Login,HIF Data Hub
2026-09-10 20:34:46,kasper,Skiftede fane,HVIDOVRE IF -> Forside
2026-09-10 20:34:50,kasper,Skiftede fane,SCOUTING -> Scoutrapport
2026-09-10 20:34:54,kasper,Skiftede fane,SCOUTING -> Emnedatabase
2026-09-10 20:47:26,kasper,Skiftede fane,HVIDOVRE IF -> Forside
2026-09-10 20:47:29,kasper,Login,HIF Data Hub
2026-09-11 06:56:46,ceo,Login,HIF Data Hub
2026-09-11 06:56:47,ceo,Skiftede fane,HVIDOVRE IF -> Forside
2026-09-11 06:56:58,ceo,Skiftede fane,SCOUTING -> Scoutrapport
2026-09-11 06:57:00,ceo,Skiftede fane,FYSISK DATA -> Fysisk data
2026-09-11 06:57:06,ceo,Skiftede fane,SCOUTING -> Scoutrapport
2026-09-11 06:57:31,ceo,Skiftede fane,SCOUTING -> Database
2026-09-11 06:57:36,ceo,Skiftede fane,SCOUTING -> Sammenligning
2026-09-11 06:57:38,ceo,Skiftede fane,SCOUTING -> Emnedatabase
2026-09-11 10:05:40,ceo,Login,HIF Data Hub
2026-09-11 10:05:43,ceo,Skiftede fane,HVIDOVRE IF -> Forside
2026-09-11 10:08:11,ceo,Skiftede fane,HOLDANALYSE -> Modstanderanalyse
2026-09-11 10:08:20,ceo,Skiftede fane,SPILLERANALYSE -> Spilleraktioner
2026-09-11 10:08:30,ceo,Skiftede fane,SPILLERANALYSE -> Spiller-stats
2026-09-11 10:14:58,ceo,Skiftede fane,FYSISK DATA -> Fysisk data
2026-09-11 10:15:02,ceo,Skiftede fane,HOLDANALYSE -> Modstanderanalyse
2026-09-11 10:15:08,ceo,Skiftede fane,HOLDANALYSE -> Kampudvikling
2026-09-11 10:15:10,ceo,Skiftede fane,HOLDANALYSE -> Kampoversigt
2026-09-11 10:16:27,ceo,Skiftede fane,HOLDANALYSE -> Kampudvikling
2026-09-11 11:20:45,ceo,Login,HIF Data Hub
2026-09-11 11:20:47,ceo,Skiftede fane,HVIDOVRE IF -> Forside
2026-09-11 11:40:35,ceo,Skiftede fane,SCOUTING -> Scoutrapport
2026-09-11 11:40:41,ceo,Skiftede fane,SCOUTING -> Emnedatabase
2026-09-11 11:40:43,ceo,Skiftede fane,HOLDANALYSE -> Modstanderanalyse
2026-09-11 11:43:13,ceo,Skiftede fane,HVIDOVRE IF -> Forside
2026-09-11 11:43:16,ceo,Login,HIF Data Hub
2026-09-11 11:55:19,ceo,Skiftede fane,FYSISK DATA -> Fysisk data
2026-09-11 11:55:23,ceo,Skiftede fane,SPILLERANALYSE -> Spilleraktioner
2026-09-11 11:55:27,ceo,Skiftede fane,TILPASNING -> Spillerdata
2026-09-11 11:55:38,ceo,Skiftede fane,SCOUTING -> Scoutrapport
2026-09-11 11:55:42,ceo,Skiftede fane,SCOUTING -> Top10-scouting
2026-09-11 19:22:26,ceo,Login,HIF Data Hub
2026-09-11 19:22:28,ceo,Skiftede fane,HVIDOVRE IF -> Forside
2026-09-11 19:22:52,ceo,Skiftede fane,SCOUTING -> Scoutrapport
2026-09-11 19:26:09,ceo,Skiftede fane,SCOUTING -> Database
2026-09-11 19:26:16,ceo,Skiftede fane,SCOUTING -> Scoutrapport
2026-09-11 19:26:24,ceo,Skiftede fane,SCOUTING -> Database
2026-09-11 19:26:32,ceo,Skiftede fane,SCOUTING -> Scoutrapport
2026-09-11 19:26:50,ceo,Skiftede fane,SCOUTING -> Database
2026-09-11 19:26:52,ceo,Skiftede fane,SCOUTING -> Scoutrapport
2026-09-11 19:26:55,ceo,Skiftede fane,SCOUTING -> Database
2026-09-11 19:27:00,ceo,Skiftede fane,SCOUTING -> Scoutrapport
2026-09-11 19:27:04,ceo,Skiftede fane,SCOUTING -> Database
2026-09-11 19:27:25,ceo,Skiftede fane,SCOUTING -> Scoutrapport
2026-09-11 19:27:47,ceo,Skiftede fane,SCOUTING -> Database
2026-09-11 19:27:52,ceo,Skiftede fane,SCOUTING -> Sammenligning
2026-09-11 19:27:54,ceo,Skiftede fane,SCOUTING -> Emnedatabase
2026-09-11 19:28:02,ceo,Skiftede fane,SCOUTING -> Database
2026-09-11 19:28:11,ceo,Skiftede fane,SCOUTING -> Scoutrapport
2026-09-11 19:28:14,ceo,Skiftede fane,SCOUTING -> Database
2026-09-11 19:28:16,ceo,Skiftede fane,SCOUTING -> Emnedatabase
2026-09-11 19:28:29,ceo,Skiftede fane,SCOUTING -> Scoutrapport
2026-09-11 19:28:31,ceo,Skiftede fane,SCOUTING -> Emnedatabase
2026-09-11 19:28:33,ceo,Skiftede fane,SCOUTING -> Database
2026-09-11 19:28:37,ceo,Skiftede fane,SCOUTING -> Scoutrapport
2026-09-11 19:28:39,ceo,Skiftede fane,SCOUTING -> Database
2026-09-11 19:29:15,ceo,Skiftede fane,SCOUTING -> Scoutrapport
2026-09-11 19:29:17,ceo,Skiftede fane,SCOUTING -> Database
2026-09-11 19:29:38,ceo,Skiftede fane,SCOUTING -> Scoutrapport
2026-09-11 19:29:44,ceo,Skiftede fane,SCOUTING -> Database
2026-09-11 19:29:54,ceo,Skiftede fane,SCOUTING -> Scoutrapport
2026-09-11 19:30:11,ceo,Skiftede fane,SCOUTING -> Database
2026-09-11 19:30:35,ceo,Skiftede fane,SCOUTING -> Emnedatabase
2026-09-11 19:30:53,ceo,Skiftede fane,SCOUTING -> Database
2026-09-11 19:31:00,ceo,Skiftede fane,SCOUTING -> Scoutrapport
2026-09-11 19:31:36,ceo,Skiftede fane,SCOUTING -> Emnedatabase
2026-09-11 19:47:09,ceo,Skiftede fane,SCOUTING -> Sammenligning
2026-09-11 19:47:11,ceo,Skiftede fane,SCOUTING -> Database
2026-09-11 19:47:15,ceo,Skiftede fane,SCOUTING -> Emnedatabase
2026-09-11 19:51:27,ceo,Skiftede fane,SCOUTING -> Database
2026-09-11 19:51:31,ceo,Skiftede fane,SCOUTING -> Scoutrapport
2026-09-12 09:40:31,kasper,Login,HIF Data Hub
2026-09-12 09:40:33,kasper,Skiftede fane,HVIDOVRE IF -> Forside
2026-09-12 09:41:01,kasper,Skiftede fane,HOLDANALYSE -> Modstanderanalyse
2026-09-12 09:44:18,kasper,Skiftede fane,HOLDANALYSE -> Kampudvikling
2026-09-12 09:46:53,kasper,Skiftede fane,HVIDOVRE IF -> Forside
2026-09-12 09:48:31,kasper,Skiftede fane,HOLDANALYSE -> Modstanderanalyse
2026-09-12 09:48:33,kasper,Skiftede fane,HOLDANALYSE -> Kampoversigt
2026-09-12 10:08:59,ceo,Login,HIF Data Hub
2026-09-12 10:09:01,ceo,Skiftede fane,HVIDOVRE IF -> Forside
2026-09-12 10:09:03,ceo,Skiftede fane,TILPASNING -> Spillerdata
2026-09-12 10:09:07,ceo,Skiftede fane,TILPASNING -> Standardsituationer
2026-09-12 10:09:13,ceo,Skiftede fane,TILPASNING -> Spiller-score
2026-09-12 10:09:32,ceo,Skiftede fane,TILPASNING -> Standardsituationer
2026-09-12 10:09:44,ceo,Skiftede fane,HVIDOVRE IF -> Forside
2026-09-12 10:09:46,ceo,Login,HIF Data Hub
2026-09-12 10:09:47,ceo,Skiftede fane,SCOUTING -> Scoutrapport
2026-09-12 10:09:48,ceo,Skiftede fane,TILPASNING -> Spillerdata
2026-09-12 10:09:51,ceo,Skiftede fane,TILPASNING -> Standardsituationer
2026-09-12 10:10:27,kasper,Login,HIF Data Hub
2026-09-12 10:10:29,kasper,Skiftede fane,HVIDOVRE IF -> Forside
2026-09-12 10:10:30,ceo,Login,HIF Data Hub
2026-09-12 10:10:32,ceo,Skiftede fane,HVIDOVRE IF -> Forside
2026-09-12 10:10:37,ceo,Skiftede fane,TILPASNING -> Spillerdata
2026-09-12 10:10:39,ceo,Skiftede fane,TILPASNING -> Standardsituationer
2026-09-12 10:10:59,kasper,Skiftede fane,FYSISK DATA -> Fysisk data
2026-09-12 10:11:02,kasper,Skiftede fane,TILPASNING -> Spillerdata
2026-09-12 10:11:05,kasper,Skiftede fane,ADMIN -> System Log
2026-09-12 10:11:08,kasper,Skiftede fane,ADMIN -> Teamradar
2026-09-12 18:51:20,ceo,Skiftede fane,HVIDOVRE IF -> Forside
2026-09-12 18:51:21,ceo,Login,HIF Data Hub
2026-09-12 18:51:23,ceo,Skiftede fane,SCOUTING -> Scoutrapport
2026-09-12 18:51:26,ceo,Skiftede fane,HOLDANALYSE -> Modstanderanalyse
2026-09-12 18:51:29,ceo,Skiftede fane,HOLDANALYSE -> Kampoversigt
2026-09-13 19:01:50,ceo,Skiftede fane,HVIDOVRE IF -> Forside
2026-09-13 19:01:51,ceo,Login,HIF Data Hub
2026-09-13 19:01:55,ceo,Skiftede fane,HOLDANALYSE -> Modstanderanalyse
2026-09-13 19:46:40,ceo,Skiftede fane,HOLDANALYSE -> Afslutninger
2026-09-13 19:47:29,ceo,Skiftede fane,HOLDANALYSE -> Kampudvikling
2026-09-13 19:47:30,ceo,Skiftede fane,HOLDANALYSE -> Kampoversigt
2026-09-13 19:47:32,ceo,Skiftede fane,HOLDANALYSE -> Kampudvikling
2026-09-14 08:02:07,ceo,Login,HIF Data Hub
2026-09-14 08:02:09,ceo,Skiftede fane,HVIDOVRE IF -> Forside
2026-09-14 08:07:01,ceo,Skiftede fane,SPILLERANALYSE -> Spilleraktioner
2026-09-14 08:09:33,ceo,Skiftede fane,HOLDANALYSE -> Modstanderanalyse
2026-09-14 08:09:39,ceo,Skiftede fane,HOLDANALYSE -> Kampudvikling
2026-09-14 09:47:30,ceo,Login,HIF Data Hub
2026-09-14 09:47:31,ceo,Skiftede fane,HVIDOVRE IF -> Forside
2026-09-14 09:50:28,ceo,Skiftede fane,SPILLERANALYSE -> Spilleraktioner
2026-09-14 09:50:36,ceo,Skiftede fane,SPILLERANALYSE -> Spiller-profil
2026-09-14 09:59:35,ceo,Skiftede fane,HVIDOVRE IF -> Forside
2026-09-14 09:59:37,ceo,Login,HIF Data Hub
2026-09-14 09:59:41,ceo,Skiftede fane,HOLDANALYSE -> Modstanderanalyse
2026-09-14 10:02:42,ceo,Skiftede fane,HVIDOVRE IF -> Forside
2026-09-14 10:02:45,ceo,Login,HIF Data Hub
2026-09-14 10:02:46,ceo,Skiftede fane,HOLDANALYSE -> Modstanderanalyse
2026-09-14 10:03:26,ceo,Skiftede fane,HVIDOVRE IF -> Forside
2026-09-14 10:03:28,ceo,Skiftede fane,FYSISK DATA -> Fysisk data
2026-09-14 10:38:56,ceo,Skiftede fane,HVIDOVRE IF -> Forside
2026-09-14 10:38:58,ceo,Login,HIF Data Hub
2026-09-14 10:39:04,ceo,Skiftede fane,HOLDANALYSE -> Modstanderanalyse
2026-09-14 10:40:24,ceo,Login,HIF Data Hub
2026-09-14 10:40:26,ceo,Skiftede fane,HVIDOVRE IF -> Forside
2026-09-14 10:40:28,ceo,Skiftede fane,SCOUTING -> Scoutrapport
2026-09-14 10:40:31,ceo,Skiftede fane,FYSISK DATA -> Fysisk data
2026-09-14 10:40:33,ceo,Skiftede fane,HOLDANALYSE -> Modstanderanalyse
2026-09-14 10:40:45,ceo,Skiftede fane,SCOUTING -> Scoutrapport
2026-09-14 10:40:47,ceo,Skiftede fane,SCOUTING -> Top10-scouting
2026-09-14 10:49:11,ceo,Login,HIF Data Hub
2026-09-14 10:49:12,ceo,Skiftede fane,HVIDOVRE IF -> Forside
2026-09-14 10:49:34,ceo,Skiftede fane,HOLDANALYSE -> Modstanderanalyse
2026-09-14 10:49:36,ceo,Skiftede fane,SPILLERANALYSE -> Spilleraktioner
2026-09-14 10:49:38,ceo,Skiftede fane,HOLDANALYSE -> Modstanderanalyse
2026-09-14 10:50:08,ceo,Skiftede fane,SCOUTING -> Scoutrapport
2026-09-14 11:05:02,kasper,Skiftede fane,HVIDOVRE IF -> Forside
2026-09-14 11:05:04,kasper,Login,HIF Data Hub
2026-09-14 11:05:08,kasper,Skiftede fane,HOLDANALYSE -> Modstanderanalyse
2026-09-14 11:06:20,kasper,Skiftede fane,HVIDOVRE IF -> Forside
2026-09-14 11:06:21,kasper,Login,HIF Data Hub
2026-09-14 11:06:33,kasper,Skiftede fane,HOLDANALYSE -> Modstanderanalyse
2026-09-14 11:08:09,ceo,Login,HIF Data Hub
2026-09-14 11:08:10,ceo,Skiftede fane,HVIDOVRE IF -> Forside
2026-09-14 11:08:12,ceo,Skiftede fane,SCOUTING -> Scoutrapport
2026-09-14 11:08:57,ceo,Skiftede fane,SCOUTING -> Top10-scouting
2026-09-14 11:10:18,kasper,Login,HIF Data Hub
2026-09-14 11:10:20,kasper,Skiftede fane,HVIDOVRE IF -> Forside
2026-09-14 11:10:21,kasper,Skiftede fane,HOLDANALYSE -> Modstanderanalyse
2026-09-14 11:10:38,kasper,Skiftede fane,HOLDANALYSE -> Kampoversigt
2026-09-14 11:11:00,kasper,Skiftede fane,HOLDANALYSE -> Kampudvikling
2026-09-14 11:12:02,kasper,Skiftede fane,HOLDANALYSE -> Ligaoversigt
2026-09-14 11:12:15,kasper,Skiftede fane,SCOUTING -> Scoutrapport
2026-09-14 11:12:17,kasper,Skiftede fane,TILPASNING -> Spillerdata
2026-09-14 11:12:20,kasper,Skiftede fane,TILPASNING -> Spiller-score
2026-09-14 11:14:11,kasper,Skiftede fane,HVIDOVRE IF -> Forside
2026-09-14 11:14:14,kasper,Login,HIF Data Hub
2026-09-14 11:14:16,kasper,Skiftede fane,HOLDANALYSE -> Modstanderanalyse
2026-09-14 11:18:42,kasper,Skiftede fane,HOLDANALYSE -> Målsekvenser
2026-09-14 11:19:35,kasper,Skiftede fane,HOLDANALYSE -> Afslutninger
2026-09-14 11:20:10,kasper,Skiftede fane,HOLDANALYSE -> Kampudvikling
2026-09-14 11:20:15,kasper,Skiftede fane,HOLDANALYSE -> Kampoversigt
2026-09-14 11:23:50,kasper,Skiftede fane,HVIDOVRE IF -> Forside
2026-09-14 11:29:14,kasper,Login,HIF Data Hub
2026-09-14 11:29:16,kasper,Skiftede fane,HVIDOVRE IF -> Forside
2026-09-14 19:58:07,kasper,Skiftede fane,HVIDOVRE IF -> Forside
2026-09-14 19:58:09,kasper,Login,HIF Data Hub
2026-09-14 20:05:00,kasper,Login,HIF Data Hub
2026-09-14 20:05:01,kasper,Skiftede fane,HVIDOVRE IF -> Forside
2026-09-14 20:06:25,kasper,Login,HIF Data Hub
2026-09-14 20:06:26,kasper,Skiftede fane,HVIDOVRE IF -> Forside
2026-09-14 20:07:42,kasper,Skiftede fane,HOLDANALYSE -> Modstanderanalyse
2026-09-14 20:30:14,kasper,Skiftede fane,HVIDOVRE IF -> Forside
2026-09-14 20:30:16,kasper,Login,HIF Data Hub
2026-09-14 20:30:43,kasper,Skiftede fane,HOLDANALYSE -> Modstanderanalyse
2026-09-14 20:34:04,kasper,Skiftede fane,HVIDOVRE IF -> Forside
2026-09-14 20:34:06,kasper,Login,HIF Data Hub
2026-09-14 20:34:18,kasper,Skiftede fane,HOLDANALYSE -> Modstanderanalyse
2026-09-14 20:34:59,kasper,Skiftede fane,SPILLERANALYSE -> Spilleraktioner
2026-09-14 20:35:03,kasper,Skiftede fane,SPILLERANALYSE -> Spiller-stats
2026-09-14 20:36:46,kasper,Skiftede fane,SPILLERANALYSE -> Spiller-profil
2026-09-14 20:36:54,kasper,Skiftede fane,SPILLERANALYSE -> Spillerprofil
2026-09-14 20:36:58,kasper,Skiftede fane,SPILLERANALYSE -> Spilleraktioner
2026-09-14 20:40:27,kasper,Skiftede fane,SPILLERANALYSE -> Spiller-stats
2026-09-14 20:42:43,kasper,Skiftede fane,SPILLERANALYSE -> Spiller-profil
2026-09-14 20:42:52,kasper,Skiftede fane,SPILLERANALYSE -> Spilleroversigt
2026-09-15 06:11:34,kasper,Login,HIF Data Hub
2026-09-15 06:11:35,kasper,Skiftede fane,HVIDOVRE IF -> Forside
2026-09-15 06:12:25,kasper,Skiftede fane,SCOUTING -> Scoutrapport
2026-09-15 06:12:38,kasper,Skiftede fane,SCOUTING -> Emnedatabase
2026-09-15 08:34:14,ceo,Login,HIF Data Hub
2026-09-15 08:34:15,ceo,Skiftede fane,HVIDOVRE IF -> Forside
2026-09-15 19:43:00,kasper,Skiftede fane,HVIDOVRE IF -> Forside
2026-09-15 19:43:02,kasper,Login,HIF Data Hub
2026-09-15 19:43:12,kasper,Skiftede fane,HOLDANALYSE -> Modstanderanalyse
2026-09-15 19:44:20,kasper,Skiftede fane,HOLDANALYSE -> Ligaoversigt
2026-09-15 19:44:26,kasper,Skiftede fane,HOLDANALYSE -> Kampoversigt
2026-09-15 19:44:41,kasper,Skiftede fane,HOLDANALYSE -> Kampudvikling
2026-09-16 11:50:32,ceo,Skiftede fane,HVIDOVRE IF -> Forside
2026-09-16 11:50:34,ceo,Login,HIF Data Hub
2026-09-16 11:50:57,ceo,Skiftede fane,HOLDANALYSE -> Modstanderanalyse
2026-09-16 11:51:00,ceo,Skiftede fane,HOLDANALYSE -> Ligaoversigt
2026-09-16 11:51:27,ceo,Skiftede fane,HOLDANALYSE -> Kampoversigt
2026-09-16 11:51:37,ceo,Skiftede fane,HOLDANALYSE -> Kampudvikling
2026-09-16 11:51:41,ceo,Skiftede fane,HOLDANALYSE -> Målsekvenser
2026-09-16 11:52:07,ceo,Skiftede fane,HOLDANALYSE -> Kampoversigt
2026-09-16 11:52:09,ceo,Skiftede fane,HOLDANALYSE -> Kampudvikling
2026-09-16 11:52:11,ceo,Skiftede fane,HOLDANALYSE -> Kampoversigt
2026-09-16 11:52:13,ceo,Skiftede fane,HOLDANALYSE -> Afslutninger
2026-09-16 11:54:31,ceo,Skiftede fane,SPILLERANALYSE -> Spilleraktioner
2026-09-16 11:54:54,ceo,Skiftede fane,FYSISK DATA -> Fysisk data
2026-09-16 11:54:56,ceo,Skiftede fane,TILPASNING -> Spillerdata
2026-09-16 11:54:59,ceo,Skiftede fane,TILPASNING -> Spiller-score
2026-09-16 11:55:01,ceo,Skiftede fane,TILPASNING -> Standardsituationer
2026-09-16 11:55:06,ceo,Skiftede fane,TILPASNING -> Model
2026-09-16 11:55:37,ceo,Skiftede fane,HOLDANALYSE -> Modstanderanalyse
2026-09-16 11:56:05,ceo,Skiftede fane,SPILLERANALYSE -> Spilleraktioner
2026-09-16 11:56:08,ceo,Skiftede fane,SPILLERANALYSE -> Spilleroversigt
2026-09-16 11:56:10,ceo,Skiftede fane,SPILLERANALYSE -> Spillerprofil
2026-09-16 11:56:18,ceo,Skiftede fane,TILPASNING -> Spillerdata
2026-09-16 12:02:15,ceo,Skiftede fane,HVIDOVRE IF -> Forside
2026-09-16 12:02:16,ceo,Login,HIF Data Hub
2026-09-16 12:02:19,ceo,Skiftede fane,HOLDANALYSE -> Modstanderanalyse
2026-09-16 12:03:05,ceo,Skiftede fane,HVIDOVRE IF -> Forside
2026-09-16 12:03:11,ceo,Skiftede fane,TILPASNING -> Spillerdata
2026-09-16 12:03:12,ceo,Skiftede fane,SCOUTING -> Scoutrapport
2026-09-16 12:05:47,ceo,Skiftede fane,SCOUTING -> Database
2026-09-16 12:06:04,ceo,Skiftede fane,SCOUTING -> Emnedatabase
2026-09-16 12:06:49,ceo,Skiftede fane,HVIDOVRE IF -> Forside
2026-09-16 12:06:51,ceo,Login,HIF Data Hub
2026-09-16 12:12:24,ceo,Skiftede fane,HVIDOVRE IF -> Forside
2026-09-16 12:12:25,ceo,Login,HIF Data Hub
2026-09-16 12:18:55,ceo,Skiftede fane,HOLDANALYSE -> Modstanderanalyse
2026-09-16 12:19:00,ceo,Skiftede fane,HOLDANALYSE -> Ligaoversigt
2026-09-16 12:19:02,ceo,Skiftede fane,HOLDANALYSE -> Modstanderanalyse
2026-09-16 12:19:13,ceo,Login,HIF Data Hub
2026-09-16 12:19:15,ceo,Skiftede fane,HVIDOVRE IF -> Forside
2026-09-16 12:19:16,ceo,Skiftede fane,HOLDANALYSE -> Modstanderanalyse
2026-09-16 12:19:19,ceo,Skiftede fane,SPILLERANALYSE -> Spilleraktioner
2026-09-16 12:21:29,ceo,Skiftede fane,HOLDANALYSE -> Modstanderanalyse
2026-09-16 12:29:54,ceo,Login,HIF Data Hub
2026-09-16 12:29:55,ceo,Skiftede fane,HVIDOVRE IF -> Forside
2026-09-16 12:29:57,ceo,Skiftede fane,HOLDANALYSE -> Modstanderanalyse
2026-09-16 12:30:08,kasper,Skiftede fane,HVIDOVRE IF -> Forside
2026-09-16 12:30:10,kasper,Login,HIF Data Hub
2026-09-16 12:30:11,ceo,Skiftede fane,HOLDANALYSE -> Kampoversigt
2026-09-16 12:30:13,ceo,Skiftede fane,HOLDANALYSE -> Modstanderanalyse
2026-09-16 12:30:15,kasper,Skiftede fane,HOLDANALYSE -> Modstanderanalyse
2026-09-16 12:30:21,kasper,Login,HIF Data Hub
2026-09-16 12:30:23,kasper,Skiftede fane,HVIDOVRE IF -> Forside
2026-09-16 12:30:28,kasper,Skiftede fane,HOLDANALYSE -> Modstanderanalyse
2026-09-16 12:30:50,ceo,Skiftede fane,HOLDANALYSE -> Ligaoversigt
2026-09-16 12:30:53,kasper,Skiftede fane,HOLDANALYSE -> Ligaoversigt
2026-09-16 12:31:10,kasper,Skiftede fane,HOLDANALYSE -> Kampoversigt
2026-09-16 12:31:14,ceo,Skiftede fane,HOLDANALYSE -> Kampoversigt
2026-09-16 12:32:00,kasper,Skiftede fane,HOLDANALYSE -> Kampudvikling
2026-09-16 12:32:02,ceo,Skiftede fane,HOLDANALYSE -> Kampudvikling
2026-09-16 12:32:34,ceo,Skiftede fane,HOLDANALYSE -> Modstanderanalyse
2026-09-16 12:32:35,ceo,Skiftede fane,HOLDANALYSE -> Ligaoversigt
2026-09-16 12:32:37,ceo,Skiftede fane,SPILLERANALYSE -> Spilleraktioner
2026-09-16 12:32:39,kasper,Skiftede fane,HOLDANALYSE -> Afslutninger
2026-09-16 12:32:43,ceo,Skiftede fane,SPILLERANALYSE -> Spiller-stats
2026-09-16 12:32:47,ceo,Skiftede fane,SPILLERANALYSE -> Spiller-profil
2026-09-16 12:33:23,kasper,Skiftede fane,HOLDANALYSE -> Ligaoversigt
2026-09-16 12:33:25,kasper,Skiftede fane,HOLDANALYSE -> Kampudvikling
2026-09-16 12:33:27,kasper,Skiftede fane,HOLDANALYSE -> Modstanderanalyse
2026-09-16 12:33:28,kasper,Skiftede fane,HOLDANALYSE -> Målsekvenser
2026-09-16 12:33:30,kasper,Skiftede fane,HOLDANALYSE -> Afslutninger
2026-09-16 12:33:32,ceo,Login,HIF Data Hub
2026-09-16 12:33:33,ceo,Skiftede fane,HVIDOVRE IF -> Forside
2026-09-16 12:33:36,ceo,Skiftede fane,HOLDANALYSE -> Modstanderanalyse
2026-09-16 12:33:37,ceo,Skiftede fane,SPILLERANALYSE -> Spilleraktioner
2026-09-16 12:33:39,ceo,Skiftede fane,HOLDANALYSE -> Modstanderanalyse
2026-09-16 12:33:41,ceo,Skiftede fane,HOLDANALYSE -> Målsekvenser
2026-09-16 12:34:04,ceo,Skiftede fane,HOLDANALYSE -> Afslutninger
2026-09-16 12:34:07,kasper,Skiftede fane,HOLDANALYSE -> Grafer
2026-09-16 12:34:15,ceo,Skiftede fane,SPILLERANALYSE -> Spilleraktioner
2026-09-16 12:34:17,ceo,Skiftede fane,HOLDANALYSE -> Afslutninger
2026-09-16 12:34:19,kasper,Skiftede fane,SPILLERANALYSE -> Spilleraktioner
2026-09-16 12:34:21,ceo,Skiftede fane,HOLDANALYSE -> Ligaoversigt
2026-09-16 12:34:23,ceo,Skiftede fane,SPILLERANALYSE -> Spilleraktioner
2026-09-16 12:34:28,ceo,Skiftede fane,SPILLERANALYSE -> Spiller-stats
2026-09-16 12:34:41,kasper,Skiftede fane,SPILLERANALYSE -> Spiller-stats
2026-09-16 12:34:50,ceo,Skiftede fane,SPILLERANALYSE -> Spiller-profil
2026-09-16 12:34:52,ceo,Skiftede fane,SPILLERANALYSE -> Spilleroversigt
2026-09-16 12:34:55,ceo,Skiftede fane,SPILLERANALYSE -> Spiller-profil
2026-09-16 12:34:57,ceo,Skiftede fane,SCOUTING -> Scoutrapport
2026-09-16 12:34:59,ceo,Skiftede fane,SPILLERANALYSE -> Spilleraktioner
2026-09-16 12:35:01,ceo,Skiftede fane,FYSISK DATA -> Fysisk data
2026-09-16 12:35:03,ceo,Skiftede fane,SPILLERANALYSE -> Spiller-stats
2026-09-16 12:35:34,kasper,Skiftede fane,SPILLERANALYSE -> Spiller-profil
2026-09-16 12:35:36,kasper,Skiftede fane,SPILLERANALYSE -> Spilleroversigt
2026-09-16 12:35:38,kasper,Skiftede fane,SPILLERANALYSE -> Spiller-stats
2026-09-16 12:35:40,kasper,Skiftede fane,SPILLERANALYSE -> Spilleraktioner
2026-09-16 12:35:42,kasper,Skiftede fane,SPILLERANALYSE -> Spiller-stats
2026-09-16 12:35:49,ceo,Skiftede fane,SPILLERANALYSE -> Spiller-profil
2026-09-16 12:35:50,ceo,Skiftede fane,SPILLERANALYSE -> Spiller-stats
2026-09-16 12:35:52,ceo,Skiftede fane,SPILLERANALYSE -> Spilleraktioner
2026-09-16 12:36:15,ceo,Skiftede fane,SPILLERANALYSE -> Spilleroversigt
2026-09-16 12:36:20,kasper,Skiftede fane,SPILLERANALYSE -> Spilleroversigt
2026-09-16 12:36:22,kasper,Skiftede fane,SPILLERANALYSE -> Spillerprofil
2026-09-16 12:36:24,ceo,Skiftede fane,SPILLERANALYSE -> Spillerprofil
2026-09-16 12:36:27,ceo,Skiftede fane,SCOUTING -> Scoutrapport
2026-09-16 12:36:29,ceo,Skiftede fane,SPILLERANALYSE -> Spillerprofil
2026-09-16 12:37:03,kasper,Skiftede fane,SPILLERANALYSE -> Spiller-stats
2026-09-16 12:37:11,ceo,Skiftede fane,SPILLERANALYSE -> Spiller-stats
2026-09-16 12:37:24,ceo,Skiftede fane,SPILLERANALYSE -> Spiller-profil
2026-09-16 12:37:26,ceo,Skiftede fane,SPILLERANALYSE -> Spilleraktioner
2026-09-16 12:37:29,kasper,Skiftede fane,SPILLERANALYSE -> Spilleraktioner
2026-09-16 12:37:31,ceo,Skiftede fane,SPILLERANALYSE -> Spillerprofil
2026-09-16 12:37:38,kasper,Skiftede fane,SPILLERANALYSE -> Spillerprofil
2026-09-16 12:37:55,kasper,Skiftede fane,SPILLERANALYSE -> Spilleraktioner
2026-09-16 12:37:57,ceo,Skiftede fane,SPILLERANALYSE -> Spilleraktioner
2026-09-16 12:38:06,ceo,Skiftede fane,SPILLERANALYSE -> Spillerprofil
2026-09-16 12:38:15,kasper,Skiftede fane,SPILLERANALYSE -> Spiller-stats
2026-09-16 12:38:17,ceo,Skiftede fane,TILPASNING -> Spillerdata
2026-09-16 12:38:19,kasper,Skiftede fane,SPILLERANALYSE -> Spillerprofil
2026-09-16 12:38:30,ceo,Skiftede fane,TILPASNING -> Spiller-score
2026-09-16 12:38:32,ceo,Skiftede fane,TILPASNING -> Model
2026-09-16 12:38:34,ceo,Skiftede fane,TILPASNING -> Standardsituationer
2026-09-16 12:38:36,ceo,Skiftede fane,TILPASNING -> Spiller-score
2026-09-16 12:38:38,kasper,Skiftede fane,SPILLERANALYSE -> Spiller-stats
2026-09-16 12:38:39,kasper,Skiftede fane,SPILLERANALYSE -> Spiller-profil
2026-09-16 12:38:41,ceo,Skiftede fane,SCOUTING -> Scoutrapport
2026-09-16 12:38:43,ceo,Skiftede fane,SCOUTING -> Database
2026-09-16 12:38:45,ceo,Skiftede fane,SCOUTING -> Emnedatabase
2026-09-16 12:38:46,ceo,Skiftede fane,SCOUTING -> Sammenligning
2026-09-16 12:38:48,kasper,Skiftede fane,SPILLERANALYSE -> Spiller-stats
2026-09-16 12:38:49,ceo,Skiftede fane,TILPASNING -> Spillerdata
2026-09-16 12:38:51,ceo,Skiftede fane,SCOUTING -> Top10-scouting
2026-09-16 12:38:52,ceo,Skiftede fane,TILPASNING -> Spiller-score
2026-09-16 12:38:54,ceo,Skiftede fane,TILPASNING -> Spiller-score
2026-09-16 12:38:56,kasper,Skiftede fane,TILPASNING -> Spillerdata
2026-09-16 12:38:58,kasper,Skiftede fane,TILPASNING -> Spiller-score
2026-09-16 12:39:00,ceo,Skiftede fane,TILPASNING -> Spillerdata
2026-09-16 12:39:01,ceo,Skiftede fane,TILPASNING -> Model
2026-09-16 12:39:03,kasper,Skiftede fane,TILPASNING -> Standardsituationer
2026-09-16 12:39:06,kasper,Skiftede fane,TILPASNING -> Model
2026-09-16 12:42:06,kasper,Skiftede fane,ADMIN -> System Log
2026-09-16 12:42:29,kasper,Skiftede fane,ADMIN -> Spillerradar
2026-09-16 12:42:36,kasper,Skiftede fane,ADMIN -> Teamradar
2026-09-16 12:43:27,kasper,Skiftede fane,ADMIN -> Konklusion
2026-09-16 12:46:51,kasper,Skiftede fane,ADMIN -> Datakatalog
2026-09-16 20:01:27,kasper,Login,HIF Data Hub
2026-09-16 20:01:29,kasper,Skiftede fane,HVIDOVRE IF -> Forside
2026-09-16 20:01:38,kasper,Skiftede fane,SPILLERANALYSE -> Spilleraktioner
2026-09-16 20:01:45,kasper,Skiftede fane,TILPASNING -> Spillerdata
2026-09-16 20:01:50,kasper,Skiftede fane,TILPASNING -> Spiller-score
2026-09-16 20:01:53,kasper,Skiftede fane,TESTSIDE -> Performance
2026-09-16 20:02:24,kasper,Skiftede fane,TESTSIDE -> Winning Performance
2026-09-16 20:04:38,kasper,Skiftede fane,TESTSIDE -> 1. Div-tilpasning
2026-09-16 20:04:40,kasper,Skiftede fane,TESTSIDE -> Charts
2026-09-16 20:04:43,kasper,Skiftede fane,TESTSIDE -> Oversigt
2026-09-16 20:04:46,kasper,Skiftede fane,ADMIN -> System Log
2026-09-16 20:04:49,kasper,Skiftede fane,ADMIN -> Profil
2026-09-16 20:04:51,kasper,Skiftede fane,ADMIN -> Datakatalog
2026-09-16 20:04:53,kasper,Skiftede fane,ADMIN -> Konklusion
2026-09-16 20:06:01,kasper,Skiftede fane,ADMIN -> Spillerradar
2026-09-16 20:06:24,kasper,Skiftede fane,ADMIN -> Top 5: Spillere
2026-09-16 20:06:26,kasper,Skiftede fane,ADMIN -> Intern analyse
2026-09-16 20:06:38,kasper,Skiftede fane,SPILLERANALYSE -> Spilleraktioner
2026-09-16 20:06:42,kasper,Skiftede fane,HOLDANALYSE -> Modstanderanalyse
2026-09-16 20:06:45,kasper,Skiftede fane,HOLDANALYSE -> Kampoversigt
2026-09-16 20:06:47,kasper,Skiftede fane,HOLDANALYSE -> Kampudvikling
2026-09-16 20:06:59,kasper,Skiftede fane,HOLDANALYSE -> Afslutninger
2026-09-17 07:45:34,kasper,Login,HIF Data Hub
2026-09-17 07:45:36,kasper,Skiftede fane,HVIDOVRE IF -> Forside
2026-09-17 07:45:52,kasper,Skiftede fane,SCOUTING -> Scoutrapport
2026-09-17 08:03:16,kasper,Skiftede fane,SCOUTING -> Database
2026-09-17 08:19:14,kasper,Skiftede fane,SCOUTING -> Top10-scouting
2026-09-17 09:07:30,kasper,Skiftede fane,HVIDOVRE IF -> Forside
2026-09-17 09:07:32,kasper,Login,HIF Data Hub
2026-09-17 09:07:34,kasper,Skiftede fane,SCOUTING -> Scoutrapport
2026-09-17 09:07:39,kasper,Skiftede fane,SCOUTING -> Database
2026-09-17 09:07:51,kasper,Skiftede fane,SCOUTING -> Emnedatabase
2026-09-17 09:13:44,kasper,Login,HIF Data Hub
2026-09-17 09:13:46,kasper,Skiftede fane,HVIDOVRE IF -> Forside
2026-09-17 09:13:48,kasper,Skiftede fane,SCOUTING -> Scoutrapport
2026-09-17 09:13:58,kasper,Skiftede fane,SCOUTING -> Emnedatabase
2026-09-17 09:16:40,kasper,Skiftede fane,HVIDOVRE IF -> Forside
2026-09-17 09:16:42,kasper,Login,HIF Data Hub
2026-09-17 09:16:48,kasper,Skiftede fane,SCOUTING -> Scoutrapport
2026-09-17 09:16:56,kasper,Skiftede fane,SCOUTING -> Emnedatabase
2026-09-17 09:18:10,kasper,Login,HIF Data Hub
2026-09-17 09:18:12,kasper,Skiftede fane,HVIDOVRE IF -> Forside
2026-09-17 09:18:22,kasper,Skiftede fane,SCOUTING -> Scoutrapport
2026-09-17 09:18:33,kasper,Skiftede fane,SCOUTING -> Emnedatabase
2026-09-17 09:22:31,kasper,Skiftede fane,HVIDOVRE IF -> Forside
2026-09-17 09:22:33,kasper,Login,HIF Data Hub
2026-09-17 09:22:47,kasper,Skiftede fane,SCOUTING -> Scoutrapport
2026-09-17 09:22:55,kasper,Skiftede fane,SCOUTING -> Emnedatabase
2026-09-17 09:28:46,kasper,Skiftede fane,HVIDOVRE IF -> Forside
2026-09-17 09:28:49,kasper,Login,HIF Data Hub
2026-09-17 09:28:59,kasper,Skiftede fane,SCOUTING -> Scoutrapport
2026-09-17 09:29:08,kasper,Skiftede fane,SCOUTING -> Emnedatabase
2026-09-17 19:11:30,kasper,Skiftede fane,HVIDOVRE IF -> Forside
2026-09-17 19:11:32,kasper,Login,HIF Data Hub
2026-09-17 19:12:30,kasper,Skiftede fane,FYSISK DATA -> Fysisk data
2026-09-17 19:12:39,kasper,Skiftede fane,SPILLERANALYSE -> Spilleraktioner
2026-09-17 19:13:34,kasper,Skiftede fane,HVIDOVRE IF -> Forside
2026-09-17 19:13:36,kasper,Login,HIF Data Hub
2026-09-17 19:14:52,kasper,Login,HIF Data Hub
2026-09-17 19:14:53,kasper,Skiftede fane,HVIDOVRE IF -> Forside
2026-09-17 19:14:59,kasper,Skiftede fane,ADMIN -> System Log
2026-09-17 19:15:43,kasper,Skiftede fane,SCOUTING -> Scoutrapport
2026-09-17 19:15:45,kasper,Skiftede fane,SPILLERANALYSE -> Spilleraktioner
2026-09-17 19:15:49,kasper,Skiftede fane,HOLDANALYSE -> Modstanderanalyse
2026-09-17 19:16:00,kasper,Skiftede fane,TILPASNING -> Spillerdata
2026-09-17 19:17:59,kasper,Skiftede fane,TILPASNING -> Spiller-score
2026-09-17 19:18:05,kasper,Skiftede fane,SCOUTING -> Scoutrapport
2026-09-17 19:18:08,kasper,Skiftede fane,SCOUTING -> Sammenligning
2026-09-17 19:19:17,kasper,Skiftede fane,SCOUTING -> Top10-scouting
2026-09-17 19:21:08,kasper,Skiftede fane,SCOUTING -> Transfers
2026-09-17 19:21:56,kasper,Skiftede fane,ADMIN -> System Log
2026-09-17 19:21:57,kasper,Skiftede fane,TESTSIDE -> Performance
2026-09-17 19:22:00,kasper,Skiftede fane,TESTSIDE -> Forecast
2026-09-17 19:22:03,kasper,Skiftede fane,TESTSIDE -> Winning Performance
2026-09-17 19:22:05,kasper,Skiftede fane,TESTSIDE -> Performance
2026-09-17 19:22:13,kasper,Skiftede fane,TILPASNING -> Spillerdata
2026-09-17 19:22:15,kasper,Skiftede fane,SCOUTING -> Scoutrapport
2026-09-17 19:22:19,kasper,Skiftede fane,SCOUTING -> Transfers
2026-09-17 19:23:20,kasper,Skiftede fane,SCOUTING -> Transfers
2026-09-17 19:23:22,kasper,Login,HIF Data Hub
2026-09-17 19:23:31,kasper,Skiftede fane,HVIDOVRE IF -> Forside
2026-09-17 19:23:33,kasper,Skiftede fane,TESTSIDE -> Performance
2026-09-17 19:23:38,kasper,Skiftede fane,SCOUTING -> Scoutrapport
2026-09-17 19:24:35,kasper,Login,HIF Data Hub
2026-09-17 19:24:39,kasper,Skiftede fane,HVIDOVRE IF -> Forside
2026-09-17 19:24:55,kasper,Skiftede fane,TILPASNING -> Spillerdata
2026-09-17 19:24:58,kasper,Skiftede fane,SCOUTING -> Scoutrapport
2026-09-17 19:25:02,kasper,Skiftede fane,SCOUTING -> Top10-scouting
2026-09-17 19:25:04,kasper,Skiftede fane,SCOUTING -> Sammenligning
2026-09-17 19:25:06,kasper,Skiftede fane,SCOUTING -> Emnedatabase
2026-09-17 19:25:09,kasper,Skiftede fane,SCOUTING -> Database
2026-09-17 19:25:16,kasper,Skiftede fane,HVIDOVRE IF -> Forside
2026-09-17 19:25:18,kasper,Skiftede fane,SCOUTING -> Scoutrapport
2026-09-17 19:30:17,kasper,Skiftede fane,ADMIN -> System Log
2026-09-17 19:32:05,kasper,Login,HIF Data Hub
2026-09-17 19:32:07,kasper,Skiftede fane,HVIDOVRE IF -> Forside
2026-09-17 19:32:18,kasper,Skiftede fane,ADMIN -> System Log
2026-09-17 19:32:22,kasper,Skiftede fane,ADMIN -> Opgaver
2026-09-17 19:34:17,kasper,Skiftede fane,ADMIN -> Opgaver
2026-09-17 19:34:18,kasper,Login,HIF Data Hub
2026-09-17 19:35:03,kasper,Skiftede fane,HVIDOVRE IF -> Forside
2026-09-17 19:35:06,kasper,Login,HIF Data Hub
2026-09-17 19:35:22,kasper,Skiftede fane,ADMIN -> System Log
2026-09-17 19:35:25,kasper,Skiftede fane,ADMIN -> Opgaver
2026-09-17 19:37:55,kasper,Login,HIF Data Hub
2026-09-17 19:37:57,kasper,Skiftede fane,HVIDOVRE IF -> Forside
2026-09-17 19:38:07,kasper,Skiftede fane,ADMIN -> System Log
2026-09-17 19:38:34,kasper,Skiftede fane,ADMIN -> Opgaver
2026-09-17 19:57:02,kasper-scout,Skiftede fane,ADMIN -> Opgaver
2026-09-17 19:57:04,kasper-scout,Login,HIF Data Hub
2026-09-17 19:59:39,kasper-scout,Skiftede fane,ADMIN -> Profil
2026-09-17 19:59:41,kasper-scout,Skiftede fane,ADMIN -> Opgaver
2026-09-17 19:59:44,kasper-scout,Skiftede fane,ADMIN -> System Log
2026-09-17 19:59:53,kasper-scout,Skiftede fane,ADMIN -> Opgaver
2026-09-17 20:07:49,kasper-scout,Skiftede fane,ADMIN_SCOUTING -> Opgaver
2026-09-17 20:07:54,kasper-scout,Skiftede fane,SCOUTING -> Scoutrapport
2026-09-17 20:07:55,kasper-scout,Skiftede fane,ADMIN_SCOUTING -> Opgaver
2026-09-17 20:08:06,kasper,Skiftede fane,ADMIN_SCOUTING -> Opgaver
2026-09-17 20:08:07,kasper,Login,HIF Data Hub
2026-09-17 20:08:12,kasper,Skiftede fane,ADMIN -> Opgaver
2026-09-17 20:08:28,kasper-scout,Login,HIF Data Hub
2026-09-17 20:08:30,kasper-scout,Skiftede fane,ADMIN -> System Log
2026-09-17 20:09:38,kasper-scout,Skiftede fane,HVIDOVRE IF -> Forside
2026-09-17 20:09:40,kasper-scout,Login,HIF Data Hub
2026-09-17 20:09:46,kasper-scout,Skiftede fane,ADMIN_SCOUTING -> Opgaver
2026-09-17 20:12:30,kasper-scout,Skiftede fane,HVIDOVRE IF -> Forside
2026-09-17 20:12:33,kasper-scout,Skiftede fane,SCOUTING -> Scoutrapport
2026-09-17 20:12:35,kasper-scout,Skiftede fane,SPILLERANALYSE -> Spiller-stats
2026-09-17 20:12:40,kasper-scout,Skiftede fane,HOLDANALYSE -> Modstanderanalyse
2026-09-17 20:12:44,kasper-scout,Skiftede fane,SCOUTING -> Scoutrapport
2026-09-17 20:12:47,kasper-scout,Skiftede fane,SCOUTING -> Emnedatabase
2026-09-17 20:12:50,kasper-scout,Skiftede fane,SCOUTING -> Database
2026-09-17 20:12:55,kasper-scout,Skiftede fane,SCOUTING -> Scoutrapport
2026-09-17 20:13:55,kasper-scout,Skiftede fane,ADMIN_SCOUTING -> Opgaver
2026-09-17 20:14:09,kasper-scout,Login,HIF Data Hub
2026-09-17 20:14:11,kasper-scout,Skiftede fane,ADMIN_SCOUTING -> Opgaver
2026-09-17 20:14:15,kasper-scout,Skiftede fane,HVIDOVRE IF -> Forside
2026-09-17 20:17:06,kasper-scout,Skiftede fane,SCOUTING -> Scoutrapport
2026-09-17 20:17:09,kasper-scout,Login,HIF Data Hub
2026-09-17 20:17:27,kasper-scout,Skiftede fane,SCOUTING -> Opgaver
2026-09-17 20:17:33,kasper-scout,Skiftede fane,SCOUTING -> Top10-scouting
2026-09-17 20:17:35,kasper-scout,Skiftede fane,SCOUTING -> Emnedatabase
2026-09-17 20:17:38,kasper-scout,Skiftede fane,SCOUTING -> Database
2026-09-17 20:17:48,kasper-scout,Skiftede fane,SCOUTING -> Opgaver
2026-09-17 20:18:53,kasper-scout,Skiftede fane,SCOUTING -> Database
2026-09-17 20:18:55,kasper-scout,Skiftede fane,SCOUTING -> Opgaver
2026-09-17 20:19:09,kasper-scout,Skiftede fane,SCOUTING -> Scoutrapport
2026-09-17 20:19:11,kasper-scout,Skiftede fane,SCOUTING -> Opgaver
2026-09-17 20:19:23,kasper-scout,Skiftede fane,SCOUTING -> Opgaver
2026-09-17 20:19:24,kasper-scout,Login,HIF Data Hub
2026-09-17 20:23:32,kasper-scout,Skiftede fane,SCOUTING -> Scoutrapport
2026-09-17 20:23:33,kasper-scout,Login,HIF Data Hub
2026-09-17 20:23:43,kasper-scout,Skiftede fane,SCOUTING -> Opgaver
2026-09-17 20:23:48,kasper-scout,Skiftede fane,SCOUTING -> Top10-scouting
2026-09-17 20:23:49,kasper-scout,Skiftede fane,SCOUTING -> Database
2026-09-17 20:23:51,kasper-scout,Skiftede fane,SCOUTING -> Emnedatabase
2026-09-17 20:23:53,kasper-scout,Skiftede fane,SCOUTING -> Scoutrapport
2026-09-17 20:27:12,kasper,Login,HIF Data Hub
2026-09-17 20:27:13,kasper,Skiftede fane,HVIDOVRE IF -> Forside
2026-09-17 20:27:19,kasper,Skiftede fane,ADMIN_SCOUTING -> Opgaver
2026-09-17 20:29:02,kasper-scout,Login,HIF Data Hub
2026-09-17 20:29:04,kasper-scout,Skiftede fane,ADMIN_SCOUTING -> Opgaver
2026-09-17 20:30:19,kasper-scout,Skiftede fane,SCOUTING -> Opgaver
2026-09-17 20:30:22,kasper-scout,Skiftede fane,SCOUTING -> Top10-scouting
2026-09-17 20:30:30,kasper-scout,Skiftede fane,SCOUTING -> Opgaver
2026-09-17 20:32:47,kasper,Login,HIF Data Hub
2026-09-17 20:32:49,kasper,Skiftede fane,HVIDOVRE IF -> Forside
2026-09-17 20:33:05,kasper,Skiftede fane,ADMIN_SCOUTING -> Opgaver
2026-09-17 20:33:26,kasper-scout,Login,HIF Data Hub
2026-09-17 20:33:27,kasper-scout,Skiftede fane,ADMIN_SCOUTING -> Opgaver
2026-09-17 20:33:51,kasper-scout,Skiftede fane,ADMIN -> System Log
2026-09-17 20:33:54,kasper-scout,Skiftede fane,TESTSIDE -> Performance
2026-09-17 20:33:56,kasper-scout,Skiftede fane,TILPASNING -> Spillerdata
2026-09-17 20:33:59,kasper-scout,Skiftede fane,HVIDOVRE IF -> Forside
2026-09-17 20:36:49,kasper,Login,HIF Data Hub
2026-09-17 20:36:51,kasper,Skiftede fane,HVIDOVRE IF -> Forside
2026-09-17 20:40:14,kasper-scout,Login,HIF Data Hub
2026-09-17 20:40:16,kasper-scout,Skiftede fane,SCOUTING -> Scoutrapport
2026-09-17 20:40:22,kasper-scout,Skiftede fane,SCOUTING -> Opgaver
2026-09-17 20:40:28,kasper-scout,Skiftede fane,ADMIN_SCOUTING -> Opgaver
2026-09-17 20:42:58,kasper-scout,Skiftede fane,ADMIN_SCOUTING -> Opgaver
2026-09-17 20:42:59,kasper-scout,Login,HIF Data Hub
2026-09-17 20:44:38,kasper-scout,Login,HIF Data Hub
2026-09-17 20:44:39,kasper-scout,Skiftede fane,SCOUTING -> Scoutrapport
2026-09-17 20:44:50,kasper-scout,Skiftede fane,SCOUTING -> Opgaver
2026-09-17 20:45:29,kasper,Skiftede fane,HVIDOVRE IF -> Forside
2026-09-17 20:45:31,kasper,Login,HIF Data Hub
2026-09-17 20:45:33,kasper,Skiftede fane,ADMIN -> System Log
2026-09-17 20:45:37,kasper,Skiftede fane,ADMIN_SCOUTING -> Opgaver
2026-09-17 20:47:03,kasper,Login,HIF Data Hub
2026-09-17 20:47:04,kasper,Skiftede fane,ADMIN_SCOUTING -> Opgaver
2026-09-17 20:47:10,kasper,Skiftede fane,ADMIN -> System Log
2026-09-17 20:47:12,kasper,Skiftede fane,ADMIN_SCOUTING -> Opgaver
2026-09-17 20:48:17,kasper,Login,HIF Data Hub
2026-09-17 20:48:21,kasper,Skiftede fane,HVIDOVRE IF -> Forside
2026-09-17 20:48:27,kasper,Skiftede fane,ADMIN_SCOUTING -> Opgaver
2026-09-18 07:07:05,kasper-scout,Login,HIF Data Hub
2026-09-18 07:07:06,kasper-scout,Skiftede fane,TESTSIDE -> Performance
2026-09-18 07:07:23,kasper-scout,Skiftede fane,SCOUTING -> Scoutrapport
2026-09-18 07:07:32,kasper-scout,Skiftede fane,SCOUTING -> Opgaver
2026-09-18 07:23:32,ceo,Login,HIF Data Hub
2026-09-18 07:23:34,ceo,Skiftede fane,HVIDOVRE IF -> Forside
2026-09-18 07:29:38,kasper,Skiftede fane,SCOUTING -> Scoutrapport
2026-09-18 07:29:39,kasper,Login,HIF Data Hub
2026-09-18 07:29:42,kasper,Skiftede fane,SCOUTING -> Opgaver
2026-09-18 07:30:20,kasper-scout,Skiftede fane,SCOUTING -> Scoutrapport
2026-09-18 07:30:21,kasper-scout,Login,HIF Data Hub
2026-09-18 07:30:25,kasper-scout,Skiftede fane,SCOUTING -> Opgaver
2026-09-18 07:31:49,kasper-scout,Login,HIF Data Hub
2026-09-18 07:31:52,kasper-scout,Skiftede fane,SCOUTING -> Scoutrapport
2026-09-18 07:33:58,kasper-scout,Login,HIF Data Hub
2026-09-18 07:33:59,kasper-scout,Skiftede fane,SCOUTING -> Scoutrapport
2026-09-18 07:34:16,kasper-scout,Login,HIF Data Hub
2026-09-18 07:34:18,kasper-scout,Skiftede fane,SCOUTING -> Scoutrapport
2026-09-18 07:35:08,kasper-scout,Skiftede fane,SCOUTING -> Scoutrapport
2026-09-18 07:35:10,kasper-scout,Login,HIF Data Hub
2026-09-18 07:36:41,kasper-scout,Skiftede fane,SCOUTING -> Opgaver
2026-09-18 07:40:16,kasper-scout,Login,HIF Data Hub
2026-09-18 07:40:17,kasper-scout,Skiftede fane,SCOUTING -> Opgaver
2026-09-18 07:46:22,kasper-scout,Login,HIF Data Hub
2026-09-18 07:46:23,kasper-scout,Skiftede fane,SCOUTING -> Scoutrapport
2026-09-18 07:46:28,kasper-scout,Skiftede fane,ADMIN -> Profil
2026-09-18 07:51:25,kasper-scout,Login,HIF Data Hub
2026-09-18 07:51:26,kasper-scout,Skiftede fane,ADMIN -> Profil
2026-09-18 07:52:37,kasper-scout,Login,HIF Data Hub
2026-09-18 07:52:38,kasper-scout,Skiftede fane,SCOUTING -> Scoutrapport
2026-09-18 07:52:58,kasper-scout,Skiftede fane,PROFIL -> Profil
2026-09-18 07:53:14,kasper-scout,Skiftede fane,SCOUTING -> Scoutrapport
2026-09-18 07:53:20,kasper-scout,Skiftede fane,SCOUTING -> Opgaver
2026-09-18 07:53:25,kasper-scout,Skiftede fane,SCOUTING -> Top10-scouting
2026-09-18 07:53:39,kasper-scout,Skiftede fane,SCOUTING -> Scoutrapport
2026-09-18 08:03:43,kasper-scout,Skiftede fane,SCOUTING -> Scoutrapport
2026-09-18 08:03:44,kasper-scout,Login,HIF Data Hub
2026-09-18 08:04:04,kasper-scout,Godkendte opgave,ID 2:  Se Jonas Yderholm
2026-09-18 08:04:23,kasper-scout,Skiftede fane,PROFIL -> Profil
2026-09-18 08:04:28,kasper-scout,Skiftede fane,SCOUTING -> Scoutrapport
2026-09-18 08:04:31,kasper-scout,Skiftede fane,SCOUTING -> Opgaver
2026-09-18 08:07:02,kasper-scout,Skiftede fane,SCOUTING -> Scoutrapport
2026-09-18 08:08:25,kasper-scout,Skiftede fane,SCOUTING -> Scoutrapport
2026-09-18 08:08:27,kasper-scout,Login,HIF Data Hub
2026-09-18 08:08:51,kasper-scout,Godkendte opgave,ID 2:  Se Jonas Yderholm
2026-09-18 08:09:03,kasper-scout,Skiftede fane,SCOUTING -> Opgaver
2026-09-18 08:09:10,kasper-scout,Skiftede fane,PROFIL -> Profil
2026-09-18 08:11:49,kasper-scout,Skiftede fane,SCOUTING -> Scoutrapport
2026-09-18 08:12:20,kasper-scout,Login,HIF Data Hub
2026-09-18 08:12:22,kasper-scout,Skiftede fane,SCOUTING -> Scoutrapport
2026-09-18 08:12:58,kasper-scout,Godkendte opgave,ID 2:  Se Jonas Yderholm
2026-09-18 08:13:03,kasper-scout,Skiftede fane,SCOUTING -> Opgaver
2026-09-18 08:16:33,kasper-scout,Skiftede fane,PROFIL -> Profil
2026-09-18 08:27:41,kasper-scout,Skiftede fane,SCOUTING -> Scoutrapport
2026-09-18 08:38:36,kasper-scout,Skiftede fane,PROFIL -> Profil
2026-09-18 08:38:39,kasper-scout,Skiftede fane,SCOUTING -> Scoutrapport
2026-09-18 08:39:03,kasper-scout,Skiftede fane,SCOUTING -> Top10-scouting
2026-09-18 08:39:13,kasper-scout,Skiftede fane,SCOUTING -> Opgaver
2026-09-18 08:39:16,kasper-scout,Skiftede fane,SCOUTING -> Top10-scouting
2026-09-18 08:39:24,kasper-scout,Skiftede fane,SCOUTING -> Scoutrapport
2026-09-18 08:40:22,kasper-scout,Login,HIF Data Hub
2026-09-18 08:40:23,kasper-scout,Skiftede fane,SCOUTING -> Scoutrapport
2026-09-18 08:42:57,kasper-scout,Godkendte opgave,ID 2:  Se Jonas Yderholm
2026-09-18 08:43:00,kasper-scout,Skiftede fane,PROFIL -> Profil
2026-09-18 08:46:45,kasper-scout,Skiftede fane,SCOUTING -> Scoutrapport
2026-09-18 08:56:11,kasper-scout,Skiftede fane,SCOUTING -> Top10-scouting
2026-09-18 08:56:17,kasper-scout,Skiftede fane,SCOUTING -> Scoutrapport
2026-09-18 08:57:55,kasper-scout,Skiftede fane,SCOUTING -> Scoutrapport
2026-09-18 08:57:56,kasper-scout,Login,HIF Data Hub
2026-09-18 09:24:08,kasper-scout,Godkendte opgave,ID 2:  Se Jonas Yderholm
2026-09-18 09:28:54,kasper-scout,Skiftede fane,SCOUTING -> Opgaver
2026-09-18 09:29:00,kasper-scout,Skiftede fane,SCOUTING -> Scoutrapport
2026-09-18 09:29:46,kasper-scout,Skiftede fane,SCOUTING -> Opgaver
2026-09-18 09:29:48,kasper-scout,Skiftede fane,PROFIL -> Profil
2026-09-18 09:39:04,kasper-scout,Login,HIF Data Hub
2026-09-18 09:39:06,kasper-scout,Skiftede fane,SCOUTING -> Scoutrapport
2026-09-18 09:42:49,kasper-scout,Login,HIF Data Hub
2026-09-18 09:42:50,kasper-scout,Skiftede fane,SCOUTING -> Scoutrapport
2026-09-18 09:46:11,kasper-scout,Skiftede fane,SCOUTING -> Opgaver
2026-09-18 09:47:30,kasper-scout,Login,HIF Data Hub
2026-09-18 09:47:32,kasper-scout,Skiftede fane,SCOUTING -> Scoutrapport
2026-09-18 09:47:52,kasper-scout,Godkendte opgave,ID 2:  Se Jonas Yderholm
2026-09-18 09:47:59,kasper-scout,Skiftede fane,PROFIL -> Profil
2026-09-18 19:37:24,ceo,Login,HIF Data Hub
2026-09-18 19:37:25,ceo,Skiftede fane,HVIDOVRE IF -> Forside
2026-09-18 19:37:44,ceo,Skiftede fane,SCOUTING -> Scoutrapport
2026-09-18 19:39:22,ceo,Skiftede fane,SCOUTING -> Opgaver
2026-09-18 19:39:38,ceo,Skiftede fane,SCOUTING -> Top10-scouting
2026-09-18 19:39:40,ceo,Skiftede fane,SCOUTING -> Opgaver
2026-09-18 19:39:42,ceo,Skiftede fane,SCOUTING -> Sammenligning
2026-09-18 19:40:02,ceo,Skiftede fane,SCOUTING -> Top10-scouting
2026-09-18 19:40:09,ceo,Skiftede fane,SCOUTING -> Sammenligning
2026-09-18 19:54:33,ceo,Skiftede fane,SCOUTING -> Top10-scouting
2026-09-18 19:54:40,ceo,Skiftede fane,SCOUTING -> Scoutrapport
2026-09-19 10:17:54,ceo,Skiftede fane,HVIDOVRE IF -> Forside
2026-09-19 10:17:56,ceo,Login,HIF Data Hub
2026-09-19 10:18:01,ceo,Skiftede fane,PROFIL -> Profil
2026-09-19 10:18:07,ceo,Skiftede fane,HOLDANALYSE -> Modstanderanalyse
2026-09-19 10:18:28,ceo,Skiftede fane,SPILLERANALYSE -> Spiller-stats
2026-09-19 10:18:32,ceo,Skiftede fane,HOLDANALYSE -> Modstanderanalyse
2026-09-19 10:18:45,ceo,Skiftede fane,SCOUTING -> Scoutrapport
2026-09-19 10:18:46,ceo,Skiftede fane,SPILLERANALYSE -> Spiller-stats
2026-09-19 10:18:50,ceo,Skiftede fane,SCOUTING -> Scoutrapport
2026-09-19 10:18:53,ceo,Skiftede fane,SPILLERANALYSE -> Spiller-stats
2026-09-19 10:19:05,kasper,Skiftede fane,HVIDOVRE IF -> Forside
2026-09-19 10:19:08,kasper,Login,HIF Data Hub
2026-09-19 10:19:15,ceo,Skiftede fane,SCOUTING -> Scoutrapport
2026-09-19 10:19:16,ceo,Skiftede fane,SPILLERANALYSE -> Spiller-stats
2026-09-19 10:19:18,ceo,Skiftede fane,HOLDANALYSE -> Modstanderanalyse
2026-09-19 10:19:21,ceo,Skiftede fane,HOLDANALYSE -> Modstanderanalyse
2026-09-19 10:19:24,kasper,Skiftede fane,TILPASNING -> Spillerdata
2026-09-19 10:19:28,kasper,Skiftede fane,TILPASNING -> Standardsituationer
2026-09-19 10:20:54,kasper,Skiftede fane,HVIDOVRE IF -> Forside
2026-09-19 10:20:56,kasper,Login,HIF Data Hub
2026-09-19 10:21:14,ceo,Login,HIF Data Hub
2026-09-19 10:21:17,ceo,Skiftede fane,HVIDOVRE IF -> Forside
2026-09-19 10:21:24,ceo,Skiftede fane,TILPASNING -> Spillerdata
2026-09-19 10:21:33,ceo,Skiftede fane,HOLDANALYSE -> Modstanderanalyse
2026-09-19 10:21:39,ceo,Skiftede fane,SCOUTING -> Scoutrapport
2026-09-19 10:21:41,ceo,Skiftede fane,SPILLERANALYSE -> Spiller-stats
2026-09-19 10:21:57,kasper,Login,HIF Data Hub
2026-09-19 10:22:01,kasper,Skiftede fane,HVIDOVRE IF -> Forside
2026-09-19 10:22:16,kasper,Skiftede fane,HVIDOVRE IF -> Forside
2026-09-19 10:22:18,kasper,Login,HIF Data Hub
2026-09-19 10:22:26,kasper,Skiftede fane,TESTSIDE -> Performance
2026-09-19 10:22:28,kasper,Skiftede fane,TILPASNING -> Spillerdata
2026-09-19 10:22:33,kasper,Skiftede fane,TILPASNING -> Standardsituationer
2026-09-19 10:23:41,kasper,Afviste opgave,ID 1: Analyser modstander
2026-09-19 10:24:58,ceo,Skiftede fane,SCOUTING -> Scoutrapport
2026-09-19 10:25:01,ceo,Skiftede fane,HOLDANALYSE -> Modstanderanalyse
2026-09-19 10:25:17,ceo,Skiftede fane,SPILLERANALYSE -> Spiller-stats
2026-09-19 10:25:19,ceo,Skiftede fane,HOLDANALYSE -> Modstanderanalyse
2026-09-19 10:25:26,ceo,Skiftede fane,SPILLERANALYSE -> Spiller-stats
2026-09-19 10:30:31,kasper,Login,HIF Data Hub
2026-09-19 10:30:34,kasper,Skiftede fane,HVIDOVRE IF -> Forside
2026-09-19 10:31:01,kasper,Skiftede fane,TILPASNING -> Spillerdata
2026-09-19 15:13:42,kasper,Login,HIF Data Hub
2026-09-19 15:13:43,kasper,Skiftede fane,HVIDOVRE IF -> Forside
2026-09-19 15:14:36,kasper,Login,HIF Data Hub
2026-09-19 15:14:38,kasper,Skiftede fane,HVIDOVRE IF -> Forside
2026-09-19 15:15:08,kasper,Skiftede fane,HOLDANALYSE -> Modstanderanalyse
2026-09-19 15:15:14,kasper,Skiftede fane,HOLDANALYSE -> Kampudvikling
2026-09-19 15:15:22,kasper,Godkendte opgave,ID 1: Analyser modstander
2026-09-19 15:15:36,kasper,Skiftede fane,HOLDANALYSE -> Kampoversigt
2026-09-19 15:17:22,kasper,Skiftede fane,HOLDANALYSE -> Kampudvikling
2026-09-19 15:19:05,kasper,Skiftede fane,HOLDANALYSE -> Afslutninger
2026-09-19 15:23:29,kasper,Skiftede fane,HOLDANALYSE -> Målsekvenser
2026-09-19 15:24:54,kasper,Skiftede fane,HOLDANALYSE -> Grafer
2026-09-19 15:25:37,kasper,Skiftede fane,HOLDANALYSE -> Modstanderanalyse
2026-09-19 15:26:42,kasper,Skiftede fane,SPILLERANALYSE -> Spiller-stats
2026-09-19 15:30:15,kasper,Skiftede fane,SPILLERANALYSE -> Spilleraktioner
2026-09-19 15:34:06,kasper,Skiftede fane,HOLDANALYSE -> Modstanderanalyse
2026-09-19 15:34:09,kasper,Skiftede fane,HOLDANALYSE -> Målsekvenser
2026-09-19 15:34:48,kasper,Skiftede fane,HOLDANALYSE -> Afslutninger
2026-09-19 15:34:58,kasper,Skiftede fane,SPILLERANALYSE -> Spiller-stats
2026-09-20 11:23:21,kasper,Login,HIF Data Hub
2026-09-20 11:23:23,kasper,Skiftede fane,HVIDOVRE IF -> Forside
2026-09-20 12:24:49,kasper,Skiftede fane,SPILLERANALYSE -> Spiller-stats
2026-09-20 12:31:33,kasper,Godkendte opgave,ID 1: Analyser modstander
2026-09-20 12:32:28,kasper,Login,HIF Data Hub
2026-09-20 12:32:30,kasper,Skiftede fane,HVIDOVRE IF -> Forside
2026-09-20 12:32:48,kasper,Skiftede fane,SPILLERANALYSE -> Spiller-stats
2026-09-20 12:33:17,kasper,Godkendte opgave,ID 1: Analyser modstander
2026-09-20 12:37:23,kasper,Login,HIF Data Hub
2026-09-20 12:37:25,kasper,Skiftede fane,HVIDOVRE IF -> Forside
2026-09-20 12:37:39,kasper,Skiftede fane,SPILLERANALYSE -> Spiller-stats
2026-09-20 12:55:23,kasper,Login,HIF Data Hub
2026-09-20 12:55:25,kasper,Skiftede fane,HVIDOVRE IF -> Forside
2026-09-20 12:55:56,kasper,Skiftede fane,SPILLERANALYSE -> Spiller-stats
2026-09-20 13:00:39,kasper,Skiftede fane,HVIDOVRE IF -> Forside
2026-09-20 13:00:41,kasper,Login,HIF Data Hub
2026-09-20 13:01:00,kasper,Skiftede fane,SPILLERANALYSE -> Spiller-stats
2026-09-20 13:30:52,kasper,Login,HIF Data Hub
2026-09-20 13:30:54,kasper,Skiftede fane,HVIDOVRE IF -> Forside
2026-09-20 13:31:14,kasper,Skiftede fane,SPILLERANALYSE -> Spiller-stats
2026-09-20 14:10:20,kasper,Skiftede fane,SPILLERANALYSE -> Spiller-stats
2026-09-20 14:10:22,kasper,Login,HIF Data Hub
2026-09-20 14:14:37,kasper,Afviste opgave,ID 1: Analyser modstander
2026-09-20 14:25:05,kasper,Skiftede fane,HVIDOVRE IF -> Forside
2026-09-20 14:25:07,kasper,Login,HIF Data Hub
2026-09-20 14:25:49,kasper,Skiftede fane,SPILLERANALYSE -> Spiller-stats
2026-09-20 18:06:29,kasper,Skiftede fane,HVIDOVRE IF -> Forside
2026-09-20 18:06:30,kasper,Login,HIF Data Hub
2026-09-20 18:10:25,kasper,Login,HIF Data Hub
2026-09-20 18:10:26,kasper,Skiftede fane,HVIDOVRE IF -> Forside
2026-09-20 18:10:41,kasper,Godkendte opgave,ID 1: Analyser modstander
2026-09-20 18:14:54,kasper,Skiftede fane,HVIDOVRE IF -> Forside
2026-09-20 18:14:56,kasper,Login,HIF Data Hub
2026-09-20 18:15:04,kasper,Skiftede fane,ADMIN_SCOUTING -> Opgaver
2026-09-20 18:15:35,kasper,Skiftede fane,ADMIN -> System Log
2026-09-20 18:15:40,kasper,Skiftede fane,TESTSIDE -> Performance
2026-09-20 18:15:44,kasper,Skiftede fane,SPILLERANALYSE -> Spiller-stats
2026-09-20 18:20:29,kasper,Skiftede fane,HVIDOVRE IF -> Forside
2026-09-20 18:20:31,kasper,Login,HIF Data Hub
2026-09-20 18:20:36,kasper,Skiftede fane,SPILLERANALYSE -> Spiller-stats
2026-09-20 18:22:00,kasper,Skiftede fane,HVIDOVRE IF -> Forside
2026-09-20 18:22:02,kasper,Login,HIF Data Hub
2026-09-20 18:22:18,kasper,Login,HIF Data Hub
2026-09-20 18:22:20,kasper,Skiftede fane,HVIDOVRE IF -> Forside
2026-09-20 18:22:27,kasper,Login,HIF Data Hub
2026-09-20 18:22:30,kasper,Skiftede fane,HVIDOVRE IF -> Forside
2026-09-20 18:22:40,kasper,Godkendte opgave,ID 1: Analyser modstander
2026-09-20 18:22:44,kasper,Skiftede fane,SPILLERANALYSE -> Spiller-stats
2026-09-20 18:27:44,kasper,Skiftede fane,SPILLERANALYSE -> Spiller-stats
2026-09-20 18:27:46,kasper,Login,HIF Data Hub
2026-09-20 18:28:13,kasper,Godkendte opgave,ID 1: Analyser modstander
2026-09-20 18:32:48,kasper,Login,HIF Data Hub
2026-09-20 18:32:50,kasper,Skiftede fane,HVIDOVRE IF -> Forside
2026-09-20 18:33:08,kasper,Skiftede fane,SPILLERANALYSE -> Spiller-stats
2026-09-20 18:36:02,kasper,Skiftede fane,HVIDOVRE IF -> Forside
2026-09-20 19:37:38,kasper,Login,HIF Data Hub
2026-09-20 19:37:40,kasper,Skiftede fane,TESTSIDE -> Performance
2026-09-20 19:37:44,kasper,Skiftede fane,ADMIN_SCOUTING -> Opgaver
2026-09-20 19:37:49,kasper,Skiftede fane,ADMIN -> System Log
2026-09-20 19:38:08,kasper,Skiftede fane,ADMIN_SCOUTING -> Opgaver
2026-09-20 19:46:11,kasper,Skiftede fane,TILPASNING -> Spillerdata
2026-09-20 19:46:12,kasper,Skiftede fane,ADMIN -> System Log
2026-09-20 19:46:14,kasper,Skiftede fane,ADMIN -> Teamradar
2026-09-20 20:54:24,kasper,Skiftede fane,HOLDANALYSE -> Modstanderanalyse
2026-09-20 20:54:26,kasper,Skiftede fane,SPILLERANALYSE -> Spiller-stats
2026-09-20 21:08:37,kasper,Skiftede fane,HOLDANALYSE -> Modstanderanalyse
2026-09-20 21:08:39,kasper,Skiftede fane,HOLDANALYSE -> Afslutninger
2026-09-21 06:43:14,ceo,Login,HIF Data Hub
2026-09-21 06:43:16,ceo,Skiftede fane,HVIDOVRE IF -> Forside
2026-09-21 06:43:46,ceo,Skiftede fane,HOLDANALYSE -> Modstanderanalyse
2026-09-21 06:43:58,ceo,Skiftede fane,TILPASNING -> Spillerdata
2026-09-21 06:44:00,ceo,Skiftede fane,SCOUTING -> Scoutrapport
2026-09-21 06:44:12,ceo,Skiftede fane,SCOUTING -> Emnedatabase
2026-09-21 07:11:34,kasper,Login,HIF Data Hub
2026-09-21 07:11:36,kasper,Skiftede fane,HOLDANALYSE -> Kampudvikling
2026-09-21 07:11:43,kasper,Login,HIF Data Hub
2026-09-21 07:11:45,kasper,Skiftede fane,HVIDOVRE IF -> Forside
2026-09-21 07:11:51,kasper,Skiftede fane,HOLDANALYSE -> Modstanderanalyse
2026-09-21 07:11:53,kasper,Skiftede fane,HOLDANALYSE -> Kampudvikling
2026-09-21 07:16:49,kasper,Login,HIF Data Hub
2026-09-21 07:16:51,kasper,Skiftede fane,HOLDANALYSE -> Kampudvikling
2026-09-21 08:21:30,kasper,Login,HIF Data Hub
2026-09-21 08:21:32,kasper,Skiftede fane,HVIDOVRE IF -> Forside
2026-09-21 08:21:36,kasper,Skiftede fane,SPILLERANALYSE -> Spiller-stats
2026-09-21 08:21:39,kasper,Skiftede fane,HOLDANALYSE -> Modstanderanalyse
2026-09-21 08:21:44,kasper,Skiftede fane,HOLDANALYSE -> Kampudvikling
2026-09-21 08:23:10,kasper,Skiftede fane,HVIDOVRE IF -> Forside
2026-09-21 08:23:11,kasper,Login,HIF Data Hub
2026-09-21 08:23:19,kasper,Godkendte opgave,ID 1: Analyser modstander
2026-09-21 08:23:21,kasper,Skiftede fane,HOLDANALYSE -> Modstanderanalyse
2026-09-21 08:23:25,kasper,Skiftede fane,HOLDANALYSE -> Kampudvikling
2026-09-21 08:26:27,kasper,Skiftede fane,HOLDANALYSE -> Kampudvikling
2026-09-21 08:26:29,kasper,Login,HIF Data Hub
2026-09-21 08:26:34,kasper,Skiftede fane,SPILLERANALYSE -> Spiller-stats
2026-09-21 08:26:36,kasper,Skiftede fane,HOLDANALYSE -> Kampudvikling
2026-09-21 08:26:40,kasper,Skiftede fane,SPILLERANALYSE -> Spiller-stats
2026-09-21 08:26:42,kasper,Skiftede fane,HOLDANALYSE -> Kampudvikling
2026-09-21 08:27:45,kasper,Login,HIF Data Hub
2026-09-21 08:27:46,kasper,Skiftede fane,HVIDOVRE IF -> Forside
2026-09-21 08:27:55,kasper,Skiftede fane,HOLDANALYSE -> Modstanderanalyse
2026-09-21 08:27:59,kasper,Skiftede fane,HOLDANALYSE -> Kampudvikling
2026-09-21 08:28:02,kasper,Godkendte opgave,ID 1: Analyser modstander
2026-09-21 08:33:36,kasper,Login,HIF Data Hub
2026-09-21 08:33:38,kasper,Skiftede fane,HOLDANALYSE -> Kampudvikling
2026-09-21 08:35:25,kasper,Skiftede fane,HVIDOVRE IF -> Forside
2026-09-21 08:35:27,kasper,Login,HIF Data Hub
2026-09-21 08:35:34,kasper,Skiftede fane,HOLDANALYSE -> Modstanderanalyse
2026-09-21 08:35:37,kasper,Godkendte opgave,ID 1: Analyser modstander
2026-09-21 08:35:41,kasper,Skiftede fane,HOLDANALYSE -> Kampudvikling
2026-09-21 08:43:29,kasper,Skiftede fane,HOLDANALYSE -> Kampudvikling
2026-09-21 08:43:31,kasper,Login,HIF Data Hub
2026-09-21 08:47:38,kasper,Login,HIF Data Hub
2026-09-21 08:47:40,kasper,Skiftede fane,HVIDOVRE IF -> Forside
2026-09-21 08:47:55,kasper,Skiftede fane,HOLDANALYSE -> Modstanderanalyse
2026-09-21 08:47:58,kasper,Godkendte opgave,ID 1: Analyser modstander
2026-09-21 08:48:02,kasper,Skiftede fane,HOLDANALYSE -> Kampudvikling
2026-09-21 08:50:04,kasper,Login,HIF Data Hub
2026-09-21 08:50:06,kasper,Skiftede fane,HOLDANALYSE -> Kampudvikling
2026-09-21 08:54:04,kasper,Skiftede fane,HVIDOVRE IF -> Forside
2026-09-21 08:54:06,kasper,Login,HIF Data Hub
2026-09-21 08:55:46,kasper,Skiftede fane,HOLDANALYSE -> Modstanderanalyse
2026-09-21 08:55:48,kasper,Skiftede fane,HOLDANALYSE -> Kampudvikling
2026-09-21 09:26:13,kasper,Skiftede fane,HOLDANALYSE -> Kampoversigt
2026-09-21 09:26:14,kasper,Skiftede fane,HOLDANALYSE -> Modstanderanalyse
2026-09-21 09:27:32,kasper,Login,HIF Data Hub
2026-09-21 09:27:34,kasper,Skiftede fane,HVIDOVRE IF -> Forside
2026-09-21 09:27:46,kasper,Skiftede fane,HOLDANALYSE -> Modstanderanalyse
2026-09-21 09:47:56,kasper,Skiftede fane,HOLDANALYSE -> Modstanderanalyse
2026-09-21 09:47:58,kasper,Login,HIF Data Hub
2026-09-21 17:24:14,ceo,Login,HIF Data Hub
2026-09-21 17:24:15,ceo,Skiftede fane,HVIDOVRE IF -> Forside
2026-09-21 17:24:23,ceo,Skiftede fane,SCOUTING -> Scoutrapport
2026-09-21 17:24:55,ceo,Skiftede fane,HOLDANALYSE -> Modstanderanalyse
2026-09-21 17:25:07,ceo,Skiftede fane,SCOUTING -> Scoutrapport
2026-09-21 17:25:35,kasper,Login,HIF Data Hub
2026-09-21 17:25:37,kasper,Skiftede fane,HVIDOVRE IF -> Forside
2026-09-21 17:25:52,kasper,Skiftede fane,HOLDANALYSE -> Modstanderanalyse
2026-09-21 17:26:04,kasper,Skiftede fane,HOLDANALYSE -> Kampoversigt
2026-09-21 17:30:41,ceo,Skiftede fane,HVIDOVRE IF -> Forside
2026-09-21 17:30:44,ceo,Login,HIF Data Hub
2026-09-21 17:31:28,ceo,Login,HIF Data Hub
2026-09-21 17:31:30,ceo,Skiftede fane,HVIDOVRE IF -> Forside
2026-09-21 17:31:49,ceo,Skiftede fane,TILPASNING -> Spillerdata
2026-09-21 17:32:24,ceo,Skiftede fane,SCOUTING -> Scoutrapport
2026-09-21 17:35:20,ceo,Skiftede fane,PROFIL -> Profil
2026-09-21 17:36:13,ceo,Login,HIF Data Hub
2026-09-21 17:36:15,ceo,Skiftede fane,HVIDOVRE IF -> Forside
2026-09-21 17:36:27,ceo,Skiftede fane,SCOUTING -> Scoutrapport
2026-09-21 17:36:59,ceo,Skiftede fane,SCOUTING -> Database
2026-09-21 17:37:52,ceo,Skiftede fane,SCOUTING -> Emnedatabase
2026-09-21 17:40:48,kasper,Login,HIF Data Hub
2026-09-21 17:40:50,kasper,Skiftede fane,HVIDOVRE IF -> Forside
2026-09-21 17:40:52,kasper,Skiftede fane,HOLDANALYSE -> Modstanderanalyse
2026-09-21 17:41:31,kasper,Skiftede fane,TILPASNING -> Spillerdata
2026-09-21 17:49:21,ceo,Skiftede fane,SCOUTING -> Scoutrapport
2026-09-21 17:51:58,ceo,Skiftede fane,SCOUTING -> Emnedatabase
2026-09-21 17:52:00,ceo,Skiftede fane,SCOUTING -> Database
2026-09-21 17:52:02,ceo,Skiftede fane,SCOUTING -> Emnedatabase
2026-09-21 17:52:11,ceo,Skiftede fane,SCOUTING -> Database
2026-09-21 17:52:46,ceo,Skiftede fane,SCOUTING -> Emnedatabase
2026-09-21 18:00:19,ceo,Skiftede fane,SCOUTING -> Database
2026-09-21 18:00:29,ceo,Skiftede fane,SCOUTING -> Scoutrapport
2026-09-21 18:02:41,ceo,Skiftede fane,SCOUTING -> Database
2026-09-21 18:02:52,ceo,Skiftede fane,SCOUTING -> Scoutrapport
2026-09-21 18:02:54,ceo,Skiftede fane,SCOUTING -> Emnedatabase
2026-09-21 18:10:35,kasper,Skiftede fane,HOLDANALYSE -> Modstanderanalyse
2026-09-21 18:10:39,kasper,Skiftede fane,HOLDANALYSE -> Afslutninger
2026-09-21 18:12:15,kasper,Login,HIF Data Hub
2026-09-21 18:12:17,kasper,Skiftede fane,HVIDOVRE IF -> Forside
2026-09-21 18:12:32,kasper,Skiftede fane,HOLDANALYSE -> Modstanderanalyse
2026-09-21 18:12:38,kasper,Skiftede fane,HOLDANALYSE -> Afslutninger
2026-09-21 18:17:17,kasper,Skiftede fane,HOLDANALYSE -> Afslutninger
2026-09-21 18:17:19,kasper,Login,HIF Data Hub
2026-09-21 18:18:22,kasper,Login,HIF Data Hub
2026-09-21 18:18:24,kasper,Skiftede fane,HVIDOVRE IF -> Forside
2026-09-21 18:18:46,kasper,Skiftede fane,HOLDANALYSE -> Modstanderanalyse
2026-09-21 18:18:52,kasper,Skiftede fane,HOLDANALYSE -> Afslutninger
2026-09-21 18:23:17,kasper,Login,HIF Data Hub
2026-09-21 18:23:19,kasper,Skiftede fane,HVIDOVRE IF -> Forside
2026-09-21 18:23:34,kasper,Skiftede fane,HOLDANALYSE -> Modstanderanalyse
2026-09-21 18:23:41,kasper,Skiftede fane,HOLDANALYSE -> Afslutninger
2026-09-21 18:32:38,kasper,Skiftede fane,HVIDOVRE IF -> Forside
2026-09-21 18:32:40,kasper,Login,HIF Data Hub
2026-09-21 18:32:51,kasper,Skiftede fane,HOLDANALYSE -> Modstanderanalyse
2026-09-21 18:33:09,kasper,Skiftede fane,HOLDANALYSE -> Afslutninger
2026-09-21 18:50:20,kasper,Skiftede fane,HOLDANALYSE -> Afslutninger
2026-09-21 18:50:22,kasper,Login,HIF Data Hub
2026-09-21 18:52:01,kasper,Skiftede fane,HVIDOVRE IF -> Forside
2026-09-21 18:52:03,kasper,Login,HIF Data Hub
2026-09-21 18:52:39,ceo,Login,HIF Data Hub
2026-09-21 18:52:41,ceo,Skiftede fane,HVIDOVRE IF -> Forside
2026-09-21 18:53:42,ceo,Skiftede fane,HOLDANALYSE -> Modstanderanalyse
2026-09-21 18:53:48,ceo,Skiftede fane,HOLDANALYSE -> Afslutninger
2026-09-21 18:55:09,kasper,Skiftede fane,HOLDANALYSE -> Modstanderanalyse
2026-09-21 18:55:12,kasper,Skiftede fane,HOLDANALYSE -> Afslutninger
2026-09-21 18:57:30,ceo,Skiftede fane,HOLDANALYSE -> Kampoversigt
2026-09-21 18:57:41,ceo,Skiftede fane,TILPASNING -> Spillerdata
2026-09-21 18:57:43,ceo,Skiftede fane,PROFIL -> Profil
2026-09-21 18:57:46,ceo,Skiftede fane,SCOUTING -> Scoutrapport
2026-09-21 19:21:22,kasper,Skiftede fane,ADMIN -> System Log
2026-09-21 19:21:24,kasper,Skiftede fane,ADMIN -> Teamradar
2026-09-21 19:21:41,kasper,Skiftede fane,ADMIN -> Teamradar
2026-09-21 19:21:43,kasper,Login,HIF Data Hub
2026-09-21 19:23:42,kasper,Skiftede fane,HOLDANALYSE -> Modstanderanalyse
2026-09-21 19:23:44,kasper,Skiftede fane,HOLDANALYSE -> Kampoversigt
2026-09-21 19:26:21,kasper,Skiftede fane,HOLDANALYSE -> Kampudvikling
2026-09-21 19:29:29,kasper,Login,HIF Data Hub
2026-09-21 19:29:30,kasper,Skiftede fane,HOLDANALYSE -> Kampudvikling
2026-09-21 19:30:41,kasper,Skiftede fane,HVIDOVRE IF -> Forside
2026-09-21 19:30:43,kasper,Login,HIF Data Hub
2026-09-21 19:30:56,kasper,Skiftede fane,ADMIN -> System Log
2026-09-21 19:30:59,kasper,Skiftede fane,ADMIN -> Teamradar
2026-09-21 20:05:49,kasper,Skiftede fane,SPILLERANALYSE -> Spiller-stats
2026-09-21 20:05:53,kasper,Skiftede fane,HOLDANALYSE -> Modstanderanalyse
2026-09-21 20:06:03,kasper,Skiftede fane,HOLDANALYSE -> Modstanderanalyse
2026-09-21 20:06:05,kasper,Login,HIF Data Hub
2026-09-21 20:06:07,kasper,Skiftede fane,HOLDANALYSE -> Afslutninger
2026-09-21 20:14:44,kasper,Skiftede fane,ADMIN -> System Log
2026-09-21 20:14:46,kasper,Skiftede fane,ADMIN -> Teamradar
2026-09-21 20:22:12,kasper,Login,HIF Data Hub
2026-09-21 20:22:14,kasper,Skiftede fane,HVIDOVRE IF -> Forside
2026-09-21 20:22:21,kasper,Skiftede fane,ADMIN -> System Log
2026-09-21 20:22:24,kasper,Skiftede fane,ADMIN -> Teamradar
2026-09-21 21:04:30,kasper,Skiftede fane,HOLDANALYSE -> Modstanderanalyse
2026-09-22 06:44:55,kasper,Login,HIF Data Hub
2026-09-22 06:44:57,kasper,Skiftede fane,HVIDOVRE IF -> Forside
2026-09-22 06:45:19,kasper,Skiftede fane,HOLDANALYSE -> Modstanderanalyse
2026-09-22 06:45:25,kasper,Skiftede fane,HOLDANALYSE -> Afslutninger
2026-09-22 07:17:51,ceo,Skiftede fane,HVIDOVRE IF -> Forside
2026-09-22 07:17:53,ceo,Login,HIF Data Hub
2026-09-22 07:17:55,ceo,Skiftede fane,SCOUTING -> Scoutrapport
2026-09-22 07:17:57,ceo,Skiftede fane,SCOUTING -> Database
2026-09-22 07:18:00,ceo,Skiftede fane,SCOUTING -> Emnedatabase
2026-09-22 07:18:34,ceo,Skiftede fane,SCOUTING -> Database
2026-09-22 07:24:55,ceo,Skiftede fane,SCOUTING -> Sammenligning
2026-09-22 07:24:57,ceo,Skiftede fane,SCOUTING -> Emnedatabase
2026-09-22 07:28:30,ceo,Skiftede fane,HOLDANALYSE -> Modstanderanalyse
2026-09-22 07:28:35,ceo,Skiftede fane,HOLDANALYSE -> Afslutninger
2026-09-22 07:29:49,ceo,Skiftede fane,HOLDANALYSE -> Kampudvikling
2026-09-22 07:30:18,ceo,Skiftede fane,SPILLERANALYSE -> Spiller-stats
2026-09-22 07:30:24,ceo,Skiftede fane,SCOUTING -> Scoutrapport
2026-09-22 07:30:26,ceo,Skiftede fane,SCOUTING -> Database
2026-09-22 07:30:31,ceo,Skiftede fane,SCOUTING -> Emnedatabase
2026-09-22 09:02:13,kasper,Login,HIF Data Hub
2026-09-22 09:02:15,kasper,Skiftede fane,HVIDOVRE IF -> Forside
2026-09-22 09:02:19,kasper,Skiftede fane,HOLDANALYSE -> Modstanderanalyse
2026-09-22 09:02:22,kasper,Skiftede fane,ADMIN_SCOUTING -> Opgaver
2026-09-22 09:02:38,kasper,Skiftede fane,ADMIN -> System Log
2026-09-22 09:02:41,kasper,Skiftede fane,SCOUTING -> Scoutrapport
2026-09-22 09:02:50,kasper,Skiftede fane,SCOUTING -> Scoutrapport
2026-09-22 09:02:52,kasper,Login,HIF Data Hub
2026-09-22 09:05:02,kasper,Skiftede fane,HOLDANALYSE -> Modstanderanalyse
2026-09-22 09:10:02,kasper,Skiftede fane,ADMIN -> System Log
2026-09-22 09:10:05,kasper,Skiftede fane,ADMIN -> Teamradar
2026-09-22 09:20:34,kasper,Skiftede fane,HOLDANALYSE -> Modstanderanalyse
2026-09-22 09:20:36,kasper,Skiftede fane,HOLDANALYSE -> Kampoversigt
2026-09-22 09:28:53,kasper,Skiftede fane,ADMIN -> System Log
2026-09-22 09:28:55,kasper,Skiftede fane,ADMIN -> Konklusion
2026-09-22 09:39:51,kasper,Login,HIF Data Hub
2026-09-22 09:39:53,kasper,Skiftede fane,HOLDANALYSE -> Modstanderanalyse
2026-09-22 09:40:08,kasper,Skiftede fane,HVIDOVRE IF -> Forside
2026-09-22 09:40:10,kasper,Skiftede fane,HOLDANALYSE -> Modstanderanalyse
2026-09-22 09:40:17,kasper,Skiftede fane,HOLDANALYSE -> Modstanderanalyse
2026-09-22 09:40:19,kasper,Login,HIF Data Hub
2026-09-22 09:40:30,kasper,Skiftede fane,HVIDOVRE IF -> Forside
2026-09-22 09:40:32,kasper,Skiftede fane,HOLDANALYSE -> Modstanderanalyse
2026-09-22 11:04:08,kasper,Skiftede fane,ADMIN_SCOUTING -> Opgaver
2026-09-22 11:04:09,kasper,Login,HIF Data Hub
2026-09-22 11:04:13,kasper,Skiftede fane,HVIDOVRE IF -> Forside
2026-09-22 11:04:15,kasper,Skiftede fane,HOLDANALYSE -> Modstanderanalyse
2026-09-22 11:04:25,kasper,Skiftede fane,SPILLERANALYSE -> Spiller-stats
2026-09-22 11:04:32,kasper,Skiftede fane,ADMIN -> System Log
2026-09-22 11:04:34,kasper,Skiftede fane,ADMIN -> Konklusion
2026-09-22 11:05:48,kasper,Skiftede fane,ADMIN -> Konklusion
2026-09-22 11:05:49,kasper,Login,HIF Data Hub
2026-09-22 11:07:22,kasper,Login,HIF Data Hub
2026-09-22 11:07:24,kasper,Skiftede fane,HVIDOVRE IF -> Forside
2026-09-22 11:07:38,kasper,Skiftede fane,ADMIN -> System Log
2026-09-22 11:07:40,kasper,Skiftede fane,ADMIN -> Konklusion
2026-09-22 11:20:18,kasper,Login,HIF Data Hub
2026-09-22 11:20:19,kasper,Skiftede fane,ADMIN -> Konklusion
2026-09-22 11:51:12,kasper,Login,HIF Data Hub
2026-09-22 11:51:14,kasper,Skiftede fane,HVIDOVRE IF -> Forside
2026-09-22 11:51:42,kasper,Skiftede fane,ADMIN -> System Log
2026-09-22 11:51:49,kasper,Skiftede fane,ADMIN -> Konklusion
2026-09-22 12:08:53,kasper,Login,HIF Data Hub
2026-09-22 12:08:55,kasper,Skiftede fane,ADMIN -> Konklusion
2026-09-22 12:42:47,kasper,Skiftede fane,ADMIN -> Datakatalog
2026-09-22 12:42:49,kasper,Skiftede fane,ADMIN -> Konklusion
2026-09-22 16:30:04,kasper,Skiftede fane,HVIDOVRE IF -> Forside
2026-09-22 16:30:07,kasper,Login,HIF Data Hub
2026-09-22 16:30:31,kasper,Skiftede fane,TESTSIDE -> Performance
2026-09-22 16:31:04,kasper,Skiftede fane,TESTSIDE -> 1. Div-tilpasning
2026-09-22 16:31:06,kasper,Skiftede fane,TESTSIDE -> Charts
2026-09-22 18:15:34,kasper,Skiftede fane,TESTSIDE -> Model
2026-09-22 18:15:36,kasper,Skiftede fane,TESTSIDE -> Model
2026-09-22 18:15:38,kasper,Skiftede fane,TESTSIDE -> Transfers
2026-09-22 18:16:05,kasper,Skiftede fane,TESTSIDE -> Charts
2026-09-22 18:16:13,kasper,Skiftede fane,ADMIN -> System Log
2026-09-22 18:16:16,kasper,Skiftede fane,ADMIN -> Konklusion
2026-09-22 18:16:34,kasper,Skiftede fane,ADMIN -> Teamradar
2026-09-22 18:40:01,kasper,Skiftede fane,HOLDANALYSE -> Modstanderanalyse
2026-09-22 18:40:03,kasper,Skiftede fane,HOLDANALYSE -> Afslutninger
2026-09-22 18:40:13,kasper,Login,HIF Data Hub
2026-09-22 18:40:14,kasper,Skiftede fane,HOLDANALYSE -> Afslutninger
2026-09-22 18:43:47,ceo,Skiftede fane,HVIDOVRE IF -> Forside
2026-09-22 18:43:48,ceo,Login,HIF Data Hub
2026-09-22 18:43:50,ceo,Skiftede fane,SCOUTING -> Scoutrapport
2026-09-22 18:44:00,ceo,Skiftede fane,SCOUTING -> Database
2026-09-22 19:23:43,ceo,Skiftede fane,TILPASNING -> Spillerdata
2026-09-22 19:23:47,ceo,Skiftede fane,SCOUTING -> Scoutrapport
2026-09-22 19:23:50,ceo,Skiftede fane,SPILLERANALYSE -> Spiller-stats
2026-09-22 19:23:52,ceo,Skiftede fane,HVIDOVRE IF -> Forside
2026-09-22 19:23:54,ceo,Skiftede fane,HOLDANALYSE -> Modstanderanalyse
2026-09-22 19:34:47,kasper,Skiftede fane,HOLDANALYSE -> Grafer
2026-09-22 19:34:58,kasper,Skiftede fane,HOLDANALYSE -> Grafer
2026-09-22 19:35:00,kasper,Login,HIF Data Hub
2026-09-22 19:40:26,kasper,Skiftede fane,PROFIL -> Profil
2026-09-22 19:40:30,kasper,Skiftede fane,HOLDANALYSE -> Modstanderanalyse
2026-09-22 19:40:33,kasper,Skiftede fane,HOLDANALYSE -> Grafer
2026-09-22 19:40:59,kasper,Skiftede fane,HOLDANALYSE -> Grafer
2026-09-22 19:41:01,kasper,Login,HIF Data Hub
2026-09-22 19:44:30,kasper,Skiftede fane,HVIDOVRE IF -> Forside
2026-09-22 19:44:34,kasper,Login,HIF Data Hub
2026-09-22 19:44:38,kasper,Skiftede fane,HOLDANALYSE -> Modstanderanalyse
2026-09-22 19:44:47,kasper,Skiftede fane,HOLDANALYSE -> Grafer
2026-09-22 20:00:39,kasper,Login,HIF Data Hub
2026-09-22 20:00:41,kasper,Skiftede fane,HOLDANALYSE -> Grafer
2026-09-22 20:32:40,kasper,Skiftede fane,SPILLERANALYSE -> Spiller-stats
2026-09-22 20:32:42,kasper,Skiftede fane,HOLDANALYSE -> Grafer
2026-09-22 20:33:11,kasper,Skiftede fane,HOLDANALYSE -> Afslutninger
2026-09-22 20:33:32,kasper,Login,HIF Data Hub
2026-09-22 20:33:34,kasper,Skiftede fane,HVIDOVRE IF -> Forside
2026-09-22 20:33:58,kasper,Skiftede fane,HOLDANALYSE -> Modstanderanalyse
2026-09-22 20:34:20,kasper,Skiftede fane,HOLDANALYSE -> Afslutninger
2026-09-22 20:40:40,kasper,Skiftede fane,HVIDOVRE IF -> Forside
2026-09-22 20:40:41,kasper,Login,HIF Data Hub
2026-09-22 20:40:51,kasper,Skiftede fane,HOLDANALYSE -> Modstanderanalyse
2026-09-22 20:40:53,kasper,Skiftede fane,HOLDANALYSE -> Afslutninger
2026-09-22 21:02:42,kasper,Login,HIF Data Hub
2026-09-22 21:02:43,kasper,Skiftede fane,HOLDANALYSE -> Afslutninger
2026-09-22 21:03:19,kasper,Skiftede fane,HOLDANALYSE -> Målsekvenser
2026-09-22 21:04:55,kasper,Skiftede fane,SPILLERANALYSE -> Spiller-stats
2026-09-23 08:19:41,kasper,Skiftede fane,SPILLERANALYSE -> Spiller-stats
2026-09-23 08:19:43,kasper,Login,HIF Data Hub
2026-09-23 08:45:29,kasper,Skiftede fane,HVIDOVRE IF -> Forside
2026-09-23 08:45:31,kasper,Login,HIF Data Hub
2026-09-23 08:45:40,kasper,Login,HIF Data Hub
2026-09-23 08:45:42,kasper,Skiftede fane,HVIDOVRE IF -> Forside
2026-09-23 08:47:59,kasper,Skiftede fane,HVIDOVRE IF -> Forside
2026-09-23 08:48:01,kasper,Login,HIF Data Hub
2026-09-23 08:49:12,kasper,Login,HIF Data Hub
2026-09-23 08:49:14,kasper,Skiftede fane,HVIDOVRE IF -> Forside
2026-09-23 08:51:05,kasper,Login,HIF Data Hub
2026-09-23 08:51:07,kasper,Skiftede fane,HVIDOVRE IF -> Forside
2026-09-23 08:56:27,kasper,Login,HIF Data Hub
2026-09-23 08:56:29,kasper,Skiftede fane,HVIDOVRE IF -> Forside
2026-09-23 09:00:51,kasper,Skiftede fane,HVIDOVRE IF -> Forside
2026-09-23 09:00:53,kasper,Login,HIF Data Hub
2026-09-23 09:19:37,kasper,Skiftede fane,HVIDOVRE IF -> Forside
2026-09-23 09:19:39,kasper,Login,HIF Data Hub
2026-09-23 09:28:59,kasper,Skiftede fane,HVIDOVRE IF -> Forside
2026-09-23 09:29:01,kasper,Login,HIF Data Hub
2026-09-23 09:31:18,kasper,Skiftede fane,HVIDOVRE IF -> Forside
2026-09-23 09:31:20,kasper,Login,HIF Data Hub
2026-09-23 09:31:56,kasper,Login,HIF Data Hub
2026-09-23 09:31:57,kasper,Skiftede fane,HVIDOVRE IF -> Forside
2026-09-23 09:32:38,kasper,Login,HIF Data Hub
2026-09-23 09:32:40,kasper,Skiftede fane,HVIDOVRE IF -> Forside
2026-09-23 09:37:39,kasper,Login,HIF Data Hub
2026-09-23 09:37:41,kasper,Skiftede fane,HVIDOVRE IF -> Forside
2026-09-23 09:55:07,kasper,Login,HIF Data Hub
2026-09-23 09:55:09,kasper,Skiftede fane,HVIDOVRE IF -> Forside
2026-09-23 10:03:05,ceo,Skiftede fane,HVIDOVRE IF -> Forside
2026-09-23 10:03:07,ceo,Login,HIF Data Hub
2026-09-23 10:03:39,ceo,Skiftede fane,SCOUTING -> Scoutrapport
2026-09-23 11:10:53,kasper,Login,HIF Data Hub
2026-09-23 11:10:55,kasper,Skiftede fane,HVIDOVRE IF -> Forside
2026-09-23 11:11:23,kasper,Skiftede fane,HVIDOVRE IF -> Forside
2026-09-23 11:11:25,kasper,Login,HIF Data Hub
2026-09-23 11:35:23,kasper,Skiftede fane,HVIDOVRE IF -> Forside
2026-09-23 11:35:26,kasper,Login,HIF Data Hub
2026-09-23 11:43:02,kasper,Skiftede fane,HVIDOVRE IF -> Forside
2026-09-23 11:43:05,kasper,Login,HIF Data Hub
2026-09-23 11:48:13,kasper,Login,HIF Data Hub
2026-09-23 11:48:15,kasper,Skiftede fane,HVIDOVRE IF -> Forside
2026-09-23 12:15:20,kasper,Skiftede fane,HVIDOVRE IF -> Forside
2026-09-23 12:15:22,kasper,Login,HIF Data Hub
2026-09-23 12:19:35,kasper,Login,HIF Data Hub
2026-09-23 12:19:37,kasper,Skiftede fane,HVIDOVRE IF -> Forside
2026-09-23 12:22:43,kasper,Skiftede fane,HVIDOVRE IF -> Forside
2026-09-23 12:22:45,kasper,Login,HIF Data Hub
2026-09-23 12:33:20,kasper,Login,HIF Data Hub
2026-09-23 12:33:21,kasper,Skiftede fane,HVIDOVRE IF -> Forside
2026-09-23 12:35:00,kasper,Login,HIF Data Hub
2026-09-23 12:35:02,kasper,Skiftede fane,HVIDOVRE IF -> Forside
2026-09-23 12:36:50,kasper,Login,HIF Data Hub
2026-09-23 12:36:52,kasper,Skiftede fane,HVIDOVRE IF -> Forside
2026-09-23 12:37:47,kasper,Login,HIF Data Hub
2026-09-23 12:37:49,kasper,Skiftede fane,HVIDOVRE IF -> Forside
2026-09-23 12:55:08,kasper,Skiftede fane,HVIDOVRE IF -> Forside
2026-09-23 12:55:10,kasper,Login,HIF Data Hub
2026-09-23 12:55:34,kasper,Skiftede fane,ADMIN -> System Log
2026-09-23 12:55:36,kasper,Skiftede fane,ADMIN -> Teamradar
2026-09-23 12:56:05,kasper,Skiftede fane,HVIDOVRE IF -> Forside
2026-09-23 12:56:07,kasper,Skiftede fane,ADMIN -> System Log
2026-09-23 12:56:12,kasper,Skiftede fane,ADMIN -> Teamradar
2026-09-23 12:56:39,kasper,Skiftede fane,ADMIN -> Konklusion
2026-09-23 15:33:23,kasper,Skiftede fane,ADMIN -> Konklusion
2026-09-23 15:33:25,kasper,Login,HIF Data Hub
2026-09-23 15:33:48,kasper,Skiftede fane,HVIDOVRE IF -> Forside
2026-09-23 15:34:18,kasper,Skiftede fane,ADMIN -> System Log
2026-09-23 15:34:22,kasper,Skiftede fane,ADMIN -> Konklusion
2026-09-23 16:29:33,kasper,Skiftede fane,ADMIN -> Konklusion
2026-09-23 16:29:36,kasper,Login,HIF Data Hub
2026-09-23 16:30:01,kasper,Skiftede fane,HVIDOVRE IF -> Forside
2026-09-23 16:30:22,kasper,Skiftede fane,ADMIN -> System Log
2026-09-23 16:30:32,kasper,Skiftede fane,ADMIN -> Konklusion
2026-09-23 16:33:08,kasper,Login,HIF Data Hub
2026-09-23 16:33:10,kasper,Skiftede fane,HVIDOVRE IF -> Forside
2026-09-23 16:33:30,kasper,Skiftede fane,ADMIN -> System Log
2026-09-23 16:33:32,kasper,Skiftede fane,ADMIN -> Konklusion
2026-09-23 18:01:17,kasper,Login,HIF Data Hub
2026-09-23 18:01:20,kasper,Skiftede fane,ADMIN -> Konklusion
2026-09-23 18:01:52,kasper,Skiftede fane,HVIDOVRE IF -> Forside
2026-09-23 18:01:59,kasper,Skiftede fane,ADMIN -> Konklusion
2026-09-23 19:03:09,kasper,Skiftede fane,HOLDANALYSE -> Modstanderanalyse
2026-09-23 19:03:11,kasper,Login,HIF Data Hub
2026-09-23 19:03:27,kasper,Skiftede fane,HOLDANALYSE -> Kampoversigt
2026-09-23 19:03:46,kasper,Skiftede fane,HOLDANALYSE -> Kampudvikling
2026-09-23 19:12:31,kasper,Skiftede fane,HVIDOVRE IF -> Forside
2026-09-23 19:12:33,kasper,Login,HIF Data Hub
2026-09-23 19:12:50,kasper,Skiftede fane,HOLDANALYSE -> Modstanderanalyse
2026-09-23 19:12:57,kasper,Skiftede fane,HOLDANALYSE -> Kampudvikling
2026-09-23 19:37:08,kasper,Skiftede fane,HOLDANALYSE -> Kampudvikling
2026-09-23 19:37:10,kasper,Login,HIF Data Hub
2026-09-23 19:44:52,kasper,Skiftede fane,HOLDANALYSE -> Afslutninger
2026-09-23 19:47:11,kasper,Skiftede fane,HOLDANALYSE -> Målsekvenser
2026-09-23 20:04:56,kasper,Skiftede fane,HVIDOVRE IF -> Forside
2026-09-23 20:04:58,kasper,Login,HIF Data Hub
2026-09-23 20:05:07,kasper,Skiftede fane,ADMIN -> System Log
2026-09-23 20:05:11,kasper,Skiftede fane,SPILLERANALYSE -> Spiller-stats
2026-09-23 20:05:13,kasper,Skiftede fane,HOLDANALYSE -> Modstanderanalyse
2026-09-23 20:05:15,kasper,Skiftede fane,HVIDOVRE IF -> Forside
2026-09-23 20:05:20,kasper,Skiftede fane,HOLDANALYSE -> Kampudvikling
2026-09-23 20:05:22,kasper,Skiftede fane,HOLDANALYSE -> Målsekvenser
2026-09-23 20:07:20,kasper,Login,HIF Data Hub
2026-09-23 20:07:22,kasper,Skiftede fane,HOLDANALYSE -> Målsekvenser
2026-09-23 20:08:21,kasper,Skiftede fane,HVIDOVRE IF -> Forside
2026-09-23 20:08:25,kasper,Login,HIF Data Hub
2026-09-23 20:09:03,kasper,Skiftede fane,HOLDANALYSE -> Modstanderanalyse
2026-09-23 20:09:05,kasper,Skiftede fane,HOLDANALYSE -> Målsekvenser
2026-09-23 20:10:55,kasper,Skiftede fane,HOLDANALYSE -> Målsekvenser
2026-09-23 20:10:57,kasper,Login,HIF Data Hub
2026-09-23 20:13:12,kasper,Login,HIF Data Hub
2026-09-23 20:13:15,kasper,Skiftede fane,HVIDOVRE IF -> Forside
2026-09-23 20:15:25,kasper,Skiftede fane,HOLDANALYSE -> Modstanderanalyse
2026-09-23 20:15:28,kasper,Skiftede fane,HOLDANALYSE -> Målsekvenser
2026-09-23 20:17:22,kasper,Login,HIF Data Hub
2026-09-23 20:17:24,kasper,Skiftede fane,HOLDANALYSE -> Målsekvenser
2026-09-23 20:18:33,kasper,Skiftede fane,HVIDOVRE IF -> Forside
2026-09-23 20:18:36,kasper,Login,HIF Data Hub
2026-09-23 20:18:56,kasper,Skiftede fane,HOLDANALYSE -> Modstanderanalyse
2026-09-23 20:19:07,kasper,Skiftede fane,HOLDANALYSE -> Målsekvenser
2026-09-23 20:20:45,kasper,Skiftede fane,HVIDOVRE IF -> Forside
2026-09-23 20:20:46,kasper,Login,HIF Data Hub
2026-09-23 20:20:52,kasper,Skiftede fane,HOLDANALYSE -> Modstanderanalyse
2026-09-23 20:20:58,kasper,Skiftede fane,HOLDANALYSE -> Målsekvenser
2026-09-23 20:22:07,kasper,Skiftede fane,HOLDANALYSE -> Grafer
2026-09-24 04:39:33,ceo,Skiftede fane,HVIDOVRE IF -> Forside
2026-09-24 04:39:36,ceo,Login,HIF Data Hub
2026-09-24 04:39:44,ceo,Skiftede fane,HOLDANALYSE -> Modstanderanalyse
2026-09-24 04:39:54,ceo,Skiftede fane,HOLDANALYSE -> Kampoversigt
2026-09-24 06:26:53,kasper,Login,HIF Data Hub
2026-09-24 06:26:55,kasper,Skiftede fane,HOLDANALYSE -> Kampoversigt
2026-09-24 06:38:05,kasper,Skiftede fane,HOLDANALYSE -> Målsekvenser
2026-09-24 06:38:19,kasper,Login,HIF Data Hub
2026-09-24 06:38:20,kasper,Skiftede fane,HOLDANALYSE -> Målsekvenser
2026-09-24 06:40:49,kasper,Skiftede fane,HVIDOVRE IF -> Forside
2026-09-24 06:40:50,kasper,Login,HIF Data Hub
2026-09-24 06:41:14,kasper,Skiftede fane,HOLDANALYSE -> Modstanderanalyse
2026-09-24 06:41:35,kasper,Skiftede fane,HOLDANALYSE -> Målsekvenser
2026-09-24 06:43:38,kasper,Skiftede fane,HOLDANALYSE -> Målsekvenser
2026-09-24 06:43:40,kasper,Login,HIF Data Hub
2026-09-24 06:43:46,kasper,Skiftede fane,HVIDOVRE IF -> Forside
2026-09-24 06:43:50,kasper,Skiftede fane,HOLDANALYSE -> Modstanderanalyse
2026-09-24 06:43:53,kasper,Skiftede fane,HOLDANALYSE -> Målsekvenser
2026-09-24 06:44:40,kasper,Login,HIF Data Hub
2026-09-24 06:44:42,kasper,Skiftede fane,HVIDOVRE IF -> Forside
2026-09-24 06:45:03,kasper,Skiftede fane,HOLDANALYSE -> Modstanderanalyse
2026-09-24 06:45:12,kasper,Skiftede fane,HOLDANALYSE -> Målsekvenser
2026-09-24 06:47:33,kasper,Login,HIF Data Hub
2026-09-24 06:47:35,kasper,Skiftede fane,HVIDOVRE IF -> Forside
2026-09-24 06:48:09,kasper,Skiftede fane,HOLDANALYSE -> Modstanderanalyse
